cod;isbn;titolo;sottotitolo;Autori;vol;pv;anno;prezzo;Allegati;pag;coper;Google;editore;Forma
1;9788842665151;MANUALE ILLUSTRATO DELL'EDUCAZIONE FISICA SCOLASTICA VOLUME 1A;NULL;BALBONI B., DISPENZA A., PIOTTI C.;NULL;1;2002;10.20;0;NULL;NULL;NULL;426;3
4;9788839575463;DIVENTARE CITTADINI 1;NULL;FERRARI, MACCARI, ;NULL;1;2003;14.60;0;NULL;NULL;NULL;301;3
5;9788808125736;RAGAZZINI 2013 - COFANETTO VOLUME + LICENZA ONLINE ANNUALE;DIZIONARIO INGLESE ITALIANO ITALIANO INGLESE;RAGAZZINI GIUSEPPE, , ;NULL;0;2012;76.00;0;NULL;NULL;NULL;8;1
10;9788826807959;COURIR LE MONDE NIVEAU 1;PROJET MODULAIRE DE LANGUE ET CULTU;GUERINI ROSALBA, MORETTI ISIDORO, MONTFORT ISABELLE;NULL;1;2000;11.80;0;NULL;NULL;NULL;268;1
11;9788826807966;COURIR LE MONDE NIVEAU 1. CAHIER DES ACTIVITES;NULL;GUERINI ROSALBA, MORETTI ISIDORO, MONTFORT ISABELLE;NULL;0;2000;6.00;0;NULL;NULL;NULL;268;1
12;9788835097457;TERZO MILLENIO CRISTIANO 1;NULL;PASQUALI S., PANIZZOLI A., ;NULL;1;2000;19.40;0;NULL;NULL;NULL;350;3
13;9788813267872;INSIEMI, LOGICA, RELAZIONI FUNZIONI;NULL;SCOVENNA MARINA, , ;NULL;0;2006;3.75;0;NULL;NULL;NULL;13;3
14;9788813231378;ELEMENTI DI GEOMETRIA 1;MATEMATICA DI BASE: ELEMENTI DI GEOMETRIA;SCOVENNA MARINA, SCAGLIANTI LUCIANO, ;NULL;1;2001;12.55;0;NULL;NULL;NULL;13;3
15;9788883920660;LINGUA I TESTI LA REALTA' (LA) - VOLUME A + B;CORSO DI EDUCAZIONE LINGUISTICA E TESTUALE;BERAUD PATRIZIA, GEUNA MARINELLA, ;NULL;0;2008;31.90;0;NULL;NULL;NULL;200100;3
16;9788823306615;SCOPRIRE L'ECONOMIA AZIENDALE;TOMO A + CD ROM;ASTOLFI, STROFFOLINO, ;NULL;1;2007;19.20;0;NULL;NULL;NULL;233;3
17;9788823302778;NUOVO LA MATERIA (IL) -PROPRIETA', TRASFORMAZIONI, RISORSE - QUADERNO DI LAB;NULL;PASSANNANTI SALVATORE, SBRIZIOLO CARMELO, ;NULL;0;2005;6.70;0;NULL;NULL;NULL;233;3
18;9788823303362;NUOVO LA MATERIA (IL) - PROPRIETA', TRASFORMAZIONI, RISORSE  - TOMO A + CD;NULL;PASSANNANTI SALVATORE, SBRIZIOLO CARMELO, ;NULL;1;2005;16.50;0;NULL;NULL;NULL;233;3
20;9788808104656;SPOTLIGHT ON YOU - BLOCCO 0 +1A + 3 CD AUDIO;STUDENT'S BOOK + WORKBOOK 0 + STUDENT'S BOOK E WOR;PAPA MARIO, SHELLY JANET, ;NULL;0;2005;30.00;0;NULL;NULL;NULL;8;3
21;9788800452267;CORSO DI STORIA VOL 1;STORIA ANTICA;DI SACCO PAOLO, , ;NULL;1;2005;25.45;0;NULL;NULL;NULL;300004;3
22;9788842449805;FUTURA;NARRAZIONI;RICCARDI CECILIA, GIORGI TIZIANA, ;NULL;0;2006;20.50;0;NULL;NULL;NULL;424;3
23;9788820335632;NEW CLIPPY EXPERT;NULL;LUGHEZZANI FLAVIA, , ;NULL;0;2006;28.50;0;NULL;NULL;NULL;203;1
24;9788879523721;IDEE DI LETTURA - MITO E FIABA, RACCONTO, ROMANZO;NULL;GENSINI, GINI, VECCHI;NULL;0;2002;14.60;0;NULL;NULL;NULL;7952;1
27;9788823324435;RISORSE DEL COMPUTER - IL NUOVO TRATTAMENTO TESTI E DATI - VOL. 2;NULL;PINTONATO CLARA, POZZATO ELISA, ;NULL;2;2003;11.80;0;NULL;NULL;NULL;233;1
28;9788823103467;SCIENZE DELLA NATURA;TEMA 3 + FASCICOLO;PORZIO ELENA, PORZIO ORNELLA, ;NULL;0;2003;10.20;0;NULL;NULL;NULL;231;1
33;9788813248895;ELEMENTI DI ALGEBRA 2 - SECONDA EDIZIONE;MATEMATICA DI BASE: ELEMENTI DI ALGEBRA;SCOVENNA MARINA, , ;NULL;2;2004;21.65;0;NULL;NULL;NULL;13;3
34;9788808300584;SPOTLIGHT ON YOU - BOOK 1B;STUDENT'S BOOK + WORKBOOK + CD AUDIO;PAPA MARIO, SHELLY JANET, ;NULL;0;2004;17.00;0;NULL;NULL;NULL;8;3
35;9788839575302;ECDL SENZA PROBLEMI - AVANZATO EXCEL;NULL;ORLANDINO FRANCO, , ;NULL;0;2004;9.50;0;NULL;NULL;NULL;301;3
38;9788823100299;GEOGRAFIA  DELL'ITALIA E DELL'EUROPA;CORSO DI GEOGRAFIA ECONOMICA;DO.GE., , ;NULL;1;2007;27.40;0;NULL;NULL;NULL;231;3
39;9788823300231;MATEMATICA CON APPLICAZIONI INFORMATICHE (TOMI 1+2) 1;NULL;GAMBOTTO MANZONE ANNAMARIA, CONSOLINI BRUNA, ;NULL;1;2004;36.10;0;NULL;NULL;NULL;233;3
42;9788805070398;ATELIER CULTUREL;CIVILTA' FRANCESE;SIMONELLI SALVATORE, CAMBRIA ANTONELLA, ;NULL;0;2009;11.60;0;NULL;NULL;NULL;5;3
43;9788808211620;WIE BITTE?;NEUE AUSGABE - GRUNDSTUFE 3 CON CD AUDIO - KURSBUC;CATANI C., GREINER H., PEDRELLI E.;NULL;0;2003;30.60;0;NULL;NULL;NULL;8;3
44;9788823308466;ENTRIAMO IN AZIENDA 1;VOLUME 1 + CD + FASCICOLO DI AGGIORNAMENTO;ASTOLFI, RASCIONI, RICCI;NULL;1;2008;41.80;0;NULL;NULL;NULL;233;3
46;9788842442615;STUDIARE STORIA 1 - SAPERI DI BASE;NULL;FOSSATI, LUPPI, ZANETTE;NULL;1;2001;21.00;0;NULL;NULL;NULL;424;3
49;9789963469475;NEW NAVIGATOR STUDENT'S + CD AUDIO;A MODULAR LOOK  AT THE ENGLISH SPEAKING WORLD;BRYANT H, MAZZARINO S, ;NULL;0;2004;18.30;0;NULL;NULL;NULL;920010;1
51;9788829827619;B2S (BUSINESS TO STUDENTS) MANUALE+WB;COMMERCE, ECONOMY AND CULTURE;BASSI MARIA GABRIELLA, SCRIVANTI GIAN BATTISTA, ;NULL;0;2006;34.90;0;NULL;NULL;NULL;298;3
52;9788808199218;ECONOMIA, IMPRESA, MERCATI (LMS LIBRO MISTO SCARICABILE);SECONDA EDIZIONE DI MANUALE DI ECONOMIA POLITICA;RONCHETTI PAOLO, , ;NULL;0;2012;30.80;0;NULL;NULL;NULL;8;3
54;9788824741095;CODICE CIVILE;EDIZIONE 2013 + CD ROM;AA VV, , ;NULL;0;2013;22.90;0;NULL;NULL;NULL;910111;3
56;9788820109622;BUSY PLANET VOL. A;BUSINESS BACKGROUND AND LANGUAGE-CIVILIZATION;DE GIULI ESTER, PERACCHIONE FRANCA, TONON VIVIANA;NULL;1;2002;21.50;0;NULL;NULL;NULL;201;1
58;9788805070381;COMMERCE EN ATELIER + CD-ROM;NULL;SIMONELLI SALVATORE, CAMBRIA ANTONELLA, ;NULL;0;2009;19.80;0;NULL;NULL;NULL;5;3
59;9788842440482;DIVINA COMMEDIA;ANTOLOGIA;ALIGHIERI D., , ;NULL;0;1995;21.00;0;NULL;NULL;NULL;424;1
67;9788824464437;DIRITTO PUBBLICO;IL NUOVO FONDAMENTI DEL DIRITTO PUBBLICO;ORABONA PIETRO, BELLUCCIO SIMONA, ;NULL;3;2009;20.00;0;NULL;NULL;NULL;920073;3
69;9788823310285;SCIENZA DELLE FINANZE E SISTEMA TRIBUTARIO SET;VOLUME + MODULISTICA 2009;ARDOLFI NINO, PALMISANO ROSA, ;NULL;0;2009;26.30;0;NULL;NULL;NULL;233;3
71;9788826807980;COURIR LE MONDE NIVEAU 2. CAHIER DES ACTIVITES;NULL;GUERINI ROSALBA, MORETTI ISIDORO, MONTFORT ISABELLE;NULL;0;2000;6.00;0;NULL;NULL;NULL;268;1
72;9788808400505;SPOTLIGHT ON YOU - BLOCCO 0+1A;BLOCCO BOOK 0 + BOOK 1A CON 2 CD AUDIO;PAPA MARIO, SHELLY JANET, ;NULL;0;2004;23.80;0;NULL;NULL;NULL;8;3
73;9788842473046;GATEWAY TO TOURISM;NULL;DUCATI ROSANNA, GARDELLA EMILIA, ;NULL;0;2002;23.80;0;NULL;NULL;NULL;302;1
74;9788820344344;NUOVO MANUALE DI TECNICA TURISTICA E AMMINISTRATIVA;NULL;CASTOLDI GIORGIO, , ;NULL;0;2010;33.00;0;NULL;NULL;NULL;203;3
75;9788808195005;FORUM - TERZA EDIZIONE DI E SE... (LMS LIBRO MISTO SCARICABILE);DIRITTO CIVILE + PDF SCARICABILE;MONTI PAOLO, , ;NULL;1;2012;22.30;0;NULL;NULL;NULL;8;3
76;9788877545480;GRAMMAR WORLD + CD-ROM VERSIONE ITALIANA;FOR ITALIAN STUDENTS;SELLEN DEREK, , ;NULL;0;2000;24.65;0;NULL;NULL;NULL;7754;3
78;9788808070272;SPOTLIGHT ON YOU FROM B1 TO B2;STUDENT'S BOOK + WORKBOOK CON CD AUDIO;SHELLY JANET, POPPITI JENNIFER, ;NULL;0;2006;31.00;0;NULL;NULL;NULL;8;3
79;9788841802014;DIVINA COMMEDIA;CANTI SCELTI;ALIGHIERI DANTE, , ;NULL;0;2002;25.35;0;NULL;NULL;NULL;402;1
80;9788808174987;E SE ... 2ED. 2 - DIRITTO COMMERCIALE;NULL;MONTI PAOLO, , ;NULL;2;2007;26.00;0;NULL;NULL;NULL;8;3
81;9788823310339;SCIENZA DELLE FINANZE E DIRITTO TRIBUTARIO;VOLUME + MODULISTICA 2009;VINCI ORLANDO ROSA MARIA, , ;NULL;0;2009;25.60;0;NULL;NULL;NULL;233;3
87;9788808078599;WIE BITTE? NEUE AUSGABE - BLOCCO 1 (FIT 1) + CD AUDIO;KURSBUCH + ARBEITSBUCH + CD AUDIO;CATANI C., GREINER H., PEDRELLI E.;NULL;1;2002;28.40;0;NULL;NULL;NULL;8;3
91;9788808104632;SPOTLIGHT ON YOU;STUDENT'S BOOK 0 + WORKBOOK 0 + 2 CD AUDIO;PAPA MARIO, SHELLY JANET, ;NULL;0;2005;16.20;0;NULL;NULL;NULL;8;3
92;9788841581179;STORIA - CIVILTA' ANTICHE - TOMO 1;CIVILTA' ANTICHE;DIOTTI UMBERTO, , ;NULL;1;2000;7.65;0;NULL;NULL;NULL;402;3
93;9788842441649;MIT IN QUATTRO - GRAMMATICA;MODULI DI ITALIANO;CRISTOFORI A., GAVAZZI E., ROSATO I.;NULL;0;2001;10.50;0;NULL;NULL;NULL;424;1
94;9788808095930;LEGGENDO SCRIVENDO 1 - PROSE (DIARI-AUTOBIOGRAFIE-LETTERE, RACCONTI, ROMANZI;ANTOLOGIA PER IL BIENNIO;ALFIERI RENATO, CAMPO VINCENZO, ;NULL;0;2002;22.80;0;NULL;NULL;NULL;8;1
95;9788845131066;MATERIA: DALL'OSSERVAZIONE ALLE LEGGI - SATELLITE 1;ELETTRICITA' E MATERIA;POLI ANTONIA, FIORELLO AGOSTINO, ;NULL;0;2001;5.30;0;NULL;NULL;NULL;319;1
98;9788839510785;PROMESSI SPOSI ED.ANTOLOGICA;NULL;MANZONI, , ;NULL;0;2000;14.40;0;NULL;NULL;NULL;395;3
99;9788881048175;VENTAGLI (I);A: IL MIO MONDO;MARIOTTI ALBERTA, SCLAFANI MARIA CONCETTA, STANCANELLI AMELIA;NULL;0;2005;16.40;0;NULL;NULL;NULL;300007;3
101;9788839575401;MONDO MOUSE - CORRISPONDENZA COMMERCIALE;NULL;ORLANDINO, PAGANI, ;NULL;0;2003;7.70;0;NULL;NULL;NULL;301;3
104;9788849408935;CLICK  ON  BUSINESS;NULL;CUMINO M., BOWEN P., ;NULL;0;2003;31.95;0;NULL;NULL;NULL;494;1
107;9788826811888;INFORMATICA: TEORIA E PROGRAMMAZIONE IN VISUAL BASIC;NULL;LORENZI AGOSTINO, ROSSI DANIELE, ;NULL;0;2004;25.70;0;NULL;NULL;NULL;268;3
108;9788853800435;MERCURIO MATEMATICA A1;NULL;TROVATO MARIO, , ;NULL;1;2004;17.30;0;NULL;NULL;NULL;8013;3
115;9788826809090;SISTEMI OPERATIVI (I). LE RETI. IL SISTEMA INFORMATIVO AZIENDALE;NULL;LORENZI AGOSTINO, ROSSI DANIELE, PIZZIGALLI T.;NULL;0;2000;21.45;0;NULL;NULL;NULL;268;1
117;9788880136774;LINEAMENTI DI MATEMATICA TRIENNIO MERCURIO MODULO G;ANALISI NUMERICA;BARONCINI PAOLO, FABBRI ELISABETTA, GRASSI CINZIA;NULL;0;2001;7.00;0;NULL;NULL;NULL;8013;3
119;9788820342425;CLIPPY PLUS;LABORATORIO DI ECONOMIA AZIENDALE;LUGHEZZANI FLAVIA, ORLANDI NEUMANN NICOLETTA, ;NULL;3;2011;11.00;0;NULL;NULL;NULL;203;3
120;9788826811840;INFORMATICA: LE BASI DI DATI E IL LINGUAGGIO SQL;ACCESS, MYSQL, DATABASE IN RETE;LORENZI AGOSTINO, CAVALLI ENRICO, ;NULL;0;2005;25.30;0;NULL;NULL;NULL;268;3
121;9788829823260;INFORMATICA GENERALE. JAVA.;LA PROGRAMMAZIONE A OGGETTI;GALLO P., SALERNO F., ;NULL;0;2003;10.80;0;NULL;NULL;NULL;298;1
124;9788823308435;CONOSCERE E APPLICARE LA MATEMATICA 1;VOLUME 1 + QUADERNO PER IL RIPASSO E IL RECUPERO 1;GAMBOTTO MANZONE ANNA MARIA, CONSOLINI BRUNA, ;NULL;1;2008;36.80;0;NULL;NULL;NULL;233;3
125;9788823307889;NUOVO CORSO DI DIRITTO 1;DIRITTO CIVILE;CAPILUPPI MARCO, , ;NULL;1;2008;26.10;0;NULL;NULL;NULL;233;2
126;9788820334390;LINGUAGGIO JAVA (IL);GUIDA ALLA PROGRAMMAZIONE DI BASE;BIGATTI MASSIMILIANO, , ;NULL;0;2005;13.50;0;NULL;NULL;NULL;203;3
127;9788823304116;ICT - INFORMAZIONE, COMUNICAZIONE, TECNOLOGIE 1;DALL'ALGORITMO AL PROGRAMMA;SANPIETRO ORNELLA, SANPIETRO FERDINANDO, ;NULL;1;2006;21.80;0;NULL;NULL;NULL;233;3
131;9788873860341;INSIGHT. STUDENT'S  1 + WORKBOOK 1 + CD AUDIO 1 + CD ROM;NULL;GARTON SPRENGER J., PROWSE P., ;NULL;1;2003;28.80;0;NULL;NULL;NULL;600010;1
133;9788845131059;MATERIA: DALL'OSSERVAZIONE ALLE LEGGI - NUCLEO;NUCLEO;POLI ANTONIA, FIORELLO AGOSTINO, ;NULL;0;2001;20.70;0;NULL;NULL;NULL;319;1
134;9788845131097;MATERIA: DALL'OSSERVAZIONE ALLE LEGGI - QUADERNO DI LABORATORIO;QUADERNO DI LABORATORIO;POLI ANTONIA, FIORELLO AGOSTINO, ;NULL;0;2001;3.90;0;NULL;NULL;NULL;319;1
135;9788869642357;SCIOGLIERE I NODI;GRAMMATICA DI BASE + CD-ROM;SAVIGLIANO CLAUDIA, , ;1;0;2006;21.95;0;NULL;NULL;NULL;11;3
136;9788801032130;NUOVI CONFRONTI (VOLUME UNICO) - LIBRO MISTO;PERCORSI E RIFLESSIONI DI CULTURA RELIGIOSA;CONTADINI M., MARCUCCINI A., CARDINALI A.P.;1;0;2005;20.60;0;NULL;NULL;NULL;1;3
137;9788826812731;GRAND ANGLE - LIVRE DE L'ELEVE 1;LANGUE ET CIVILISATION FRANCAISES;MELO FAGGIANO IVANA, MAZZOTTA VITA, DELAUNAY HERVE';2;1;2007;12.45;0;NULL;NULL;NULL;268;3
138;9788826812748;GRAND ANGLE CAHIER D'EXERCICES 1;NULL;MELO FAGGIANO IVANA, MAZZOTTA VITA, DELAUNAY HERVE';2;1;2007;8.50;0;NULL;NULL;NULL;268;3
139;9788841830451;PANGEA - IL PIANETA ABITATO;VOLUME A + VOLUME B - (CONFEZIONE INDIVISIBILE);AA VV, , ;1;0;2007;29.70;0;NULL;NULL;NULL;402;1
140;9788848003247;GRANDE DIZIONARIO INGLESE HAZON (IL) - SENZA CD ROM  + VOLUME WORD BY WORD;EDIZIONE 2010;GARZANTI, , ;1;0;2009;68.00;0;NULL;NULL;NULL;11;1
141;9788808222695;BOCH 5ED. CON CD-ROM;DIZIONARIO ITALIANO FRANCESE - FRANCESE ITALIANO;BOCH R., , ;1;0;2008;85.50;0;NULL;NULL;NULL;8;1
142;9788842450405;BASI DELLA LETTERATURA (LE) CON DIVINA COMMEDIA - VOL. 1;DAL MEDIOEVO AL RINASCIMENTO;DI SACCO PAOLO, , ;3;1;2007;37.50;0;NULL;NULL;NULL;424;3
143;9788883324512;STORIA N.E. 2007;FATTI ED INTERPRETAZIONI;BERTINI F, , ;3;1;2007;24.60;0;NULL;NULL;NULL;425;3
145;9788822153838;GAOT - GENERI AUTORI OPERE TEMI;DAL SEICENTO ALLA METÀ DELL'OTTOCENTO;SAMBUGAR MARTA, SALA' GABRIELLA, ;3;2;2004;33.90;0;NULL;NULL;NULL;221;3
146;9788853803061;ESCAPADES TOURISTIQUES;NULL;CRIMI ANNA MARIA, , ;1;0;2006;26.65;0;NULL;NULL;NULL;8013;3
147;9788808051776;MODULI DI ECONOMIA POLITICA EDIZIONE 2002;NULL;RONCHETTI PAOLO, , ;1;0;2002;22.80;0;NULL;NULL;NULL;8;1
148;9788835019923;ALTRO VIAGGIO (L') NUOVA EDIZIONE;NULL;ALIGHIERI DANTE, MERLANTE RICCARDO, PRANDI STEFANO;1;0;2006;24.50;0;NULL;NULL;NULL;350;1
149;9788842470144;DIRECTIONS;GATEWAY TO THE ENGLISH-SPEAKING WORLD;O'MALLEY KIARAN, , ;1;0;2006;20.40;0;NULL;NULL;NULL;302;3
150;9788839570154;DIMENSIONE ECONOMIA;CORSO DI ECONOMIA POLITICA (MANUALE + QUADERNO);BIANCHI CARLUCCIO, MACCARI PATRIZIA, ;1;0;2007;29.40;0;NULL;NULL;NULL;301;3
151;9788824464963;SCIENZA DELLE FINANZE E DIRITTO TRIBUTARIO (S3);MANUALE E LABORATORIO PER LO STUDENTE + GUIDA PER;BALESTRINO ALESSANDRO, PIERRO MARIA, DE ROSA CLAUDIA;1;0;2009;20.00;0;NULL;NULL;NULL;920073;3
152;9788849410365;ACTIVE BUSINESS;NULL;CUMINO M., BOWEN P., ;1;0;2005;30.05;0;NULL;NULL;NULL;494;1
153;9788844119621;NEW I-TECH;ENGLISH FOR INFORMATION AND COMMUNICATION TECHNOLO;BELLINO MARIA GRAZIA, , ;1;0;2013;22.50;0;NULL;NULL;NULL;300009;3
154;9788805060238;PHP 5 - SEI APOGEO;CON ESERCIZI E PROPOSTE OPERATIVE;CANDUCCI M., , ;1;0;2007;6.40;0;NULL;NULL;NULL;5;1
156;9788826811864;INFORMATICA: SISTEMI OPERATIVI E RETI;NULL;LORENZI AGOSTINO, , ;1;0;2006;24.80;0;NULL;NULL;NULL;268;3
157;9788874937790;DESKTOP;DIZIONARIO INGLESE-ITALIANO ITALIANO-INGLESE;COLLINS, , ;1;0;2006;59.00;0;NULL;NULL;NULL;7493;1
158;9788820334727;JAVA;INTERFACCE GRAFICHE E PROGRAMMAZIONE CONCORRENTE;CAMAGNI PAOLO, NIKOLASSY RICCARDO, ;1;0;2005;11.50;0;NULL;NULL;NULL;203;3
160;9788823302617;PERCORSI DI DIRITTO ED ECONOMIA PER L'AZIENDA 1;NULL;AUTORI VARI, , ;3;1;2005;24.60;0;NULL;NULL;NULL;233;3
163;9788845115677;CONTINENTE EUROPEO (IL) A2 ITALIA;NULL;GREGOLI FERNANDA, LANZA CARLA, NANO FERRUCCIO;3;1;2006;6.30;0;NULL;NULL;NULL;320;1
165;9781405820073;ONLINE FOR BUSINESS - PACK UNICO;NULL;BENTINI FLAVIA, DELMONT MICHAEL, ;1;0;2005;38.00;0;NULL;NULL;NULL;300013;3
166;9780582854727;ONLINE FOR BUSINESS MULTIMEDIA - PACK UNICO;NULL;BENTINI FLAVIA, DELMONT MICHAEL, ;1;0;2005;43.90;0;NULL;NULL;NULL;300013;3
167;9788880138846;METODI E STRUMENTI DI MATEMATICA PER L'ECONOMIA TRIENNIO ERICA;NULL;TROVATO MARIO, , ;3;3;2003;25.95;0;NULL;NULL;NULL;8013;3
168;9788808046031;CRICCO DI TEODORO (IL) 1. VERS. VERDE (LM LIBRO MISTO);ITINERARIO NELL'ARTE . DALLA PREISTORIA ALL'ETA' G;CRICCO GIORGIO, DI TEODORO FRANCESCO P., ;3;1;2010;32.00;0;NULL;NULL;NULL;8;3
169;9788823304611;MANUALE DI ECONOMIA POLITICA SET - VOLUME+QUADERNO+CD ROM;NULL;SANNA ANTONIO, , ;1;0;2006;27.90;0;NULL;NULL;NULL;233;3
172;9788808079077;ITINERARIO NELL'ARTE 2 2ED.;DA GIOTTO ALL'ETA'BAROCCA;CRICCO GIORGIO, DI TEODORO FRANCESCO PAOLO, ;3;2;2004;30.00;0;NULL;NULL;NULL;8;3
174;9788826813363;GET TOGETHER - STUDENT'S BOOK 1;NULL;PORCELLI GIANFRANCO, INVERNIZZI FRANCA, VILLANI DANIELA;2;1;2007;10.45;0;NULL;NULL;NULL;268;1
175;9788826813370;GET TOGETHER - SELF-STUDY BOOK 1;NULL;PORCELLI GIANFRANCO, INVERNIZZI FRANCA, VILLANI DANIELA;2;1;2007;9.50;0;NULL;NULL;NULL;268;1
176;9788805030194;TRAME DEL TESTO E DELL'IMMAGINARIO - VOL. A;VOL. A - NARRATIVA E ATTUALITA' + 200 PAGINE PER L;JACOMUZZI VINCENZO, MILIANI MARIA ROSARIA, SAURO FRANCESCA ROMANA;1;0;2008;19.20;0;NULL;NULL;NULL;5;3
177;9788805029792;TUTTI I COLORI DELLA VITA;IN ALLEGATO FASCICOLO CIOTTI, NON LASCIAMOCI RUBAR;SOLINAS LUIGI, , ;1;0;2007;18.80;0;NULL;NULL;NULL;5;3
178;9780194422550;GOOD GRAMMAR (THE);FOR ITALIAN STUDENTS (STUDENT'S BOOK + INTERACTIVE;SWAN MICHAEL, WALTHER CATHERINA, BERTOCCHI DANIELA;1;0;2007;26.00;0;NULL;NULL;NULL;600012;3
179;9788849412796;NOUVELLE ENTREPRISE (LA);COMMERCE ECONOMIE CIVILISATION;CAPUTO C., SCHIAVI G., BOELLA T.;1;0;2008;31.05;0;NULL;NULL;NULL;494;3
180;9788849481723;WIRTSCHAFT.ONLINE;HANDEL, WIRTSCHAFT, LANDESKUNDE;DELOR R., FOSCHI ALBERT M., HEPP M.;1;0;2006;25.65;0;NULL;NULL;NULL;300006;1
182;9788839301529;CORPO LIBERO - EDIZIONE AGGIORNATA;MANUALE DI EDUCAZIONE FISICA PER LA SCUOLA SECONDA;FIORINI GIANLUIGI, CORETTI STEFANO, BOCCHI SILVIA;1;0;2007;20.80;0;NULL;NULL;NULL;393;3
185;9788835022404;CAMPIELLO (IL);TOMO A: TESTO NARRATIVO + IL PIACERE DELLA LETTURA;BASSINI DIANA, GHEDINI MILLA, ;1;0;2008;13.50;0;NULL;NULL;NULL;350;3
187;9788826811857;LINGUAGGIO JAVA N.E. (IL);NULL;LORENZI AGOSTINO, RIZZI ANDREA, FACCHETTI GIUSEPPE;1;0;2006;24.30;0;NULL;NULL;NULL;268;3
189;9788853006912;FOCUS KOMPAKT NEU;NULL;MARI MARIA PAOLA, , ;1;0;2007;24.85;0;NULL;NULL;NULL;7754;3
190;9788808166685;UNTERWEGS ZU HAUSE;DEUTSCHE FUER DIE TURISTIKBRANCHE - CON CD AUDIO;CREMER, NEU, ROGGI;1;0;2007;30.20;0;NULL;NULL;NULL;800035;3
191;9788808066671;GOING FAR;NULL;ROGGI GIUSEPPE, PICKING JOHN, ;1;0;2007;28.50;0;NULL;NULL;NULL;800035;3
192;9788808070456;NOW AND THEN 2ED;SHORT HISTORY AND ANTHOLOGY OF ENGLISH LITERATURE;SPIAZZI MARINA, TAVELLA MARINA, ;1;0;2006;20.00;0;NULL;NULL;NULL;8;3
193;9788823310001;ALGEBRA 1;CORSO DI MATEMATICA PER IL BIENNIO;GAMBOTTO MANZONE ANNA MARIA, VAI ROBERTO, CONSOLINI BRUNA;2;1;2009;24.60;0;NULL;NULL;NULL;233;3
194;9788823309951;GEOMETRIA;CORSO DI MATEMATICA PER IL BIENNIO;GAMBOTTO MANZONE ANNA MARIA, VAI ROBERTO, CONSOLINI BRUNA;2;1;2009;12.80;0;NULL;NULL;NULL;233;3
201;9780194795258;NEW HORIZONS 2: ST PACK;SB&WB + HMW BK + ST CD + CD-ROM + ESPANSIONE ONLIN;RADLEY PAUL, SIMONETTI DANIELA, ;2;2;2008;28.50;0;NULL;NULL;NULL;600012;3
202;9788883390234;IN BUSINESS;EDIZIONE PACK;BENTINI FLAVIA, VAUGHAM VITA, RICHARDSON BRUCE;1;0;2009;32.30;0;NULL;NULL;NULL;300013;3
203;9788842443049;PARLARE DI STORIA 1;LA FORMAZIONE DELL'EUROPA MODERNA;FOSSATI, LUPPI, ZANETTE;3;1;2009;24.50;0;NULL;NULL;NULL;424;3
204;9788845148590;CORSO DI GEOGRAFIA ECONOMICA;IL CONTINENTE EUROPEO - A1 EUROPA: AMBIENTI E PAES;AA VV, , ;3;0;2009;21.80;0;NULL;NULL;NULL;320;2
208;9788808111654;ITINERARIO NELL'ARTE - GUIDA ALLO STUDIO 3 VERSIONE SCARICABILE;NULL;CRICCO GIORGIO, DI TEODORO FRANCESCO P., ;3;3;2009;5.70;0;NULL;NULL;NULL;8;2
212;9788842109433;VIRTUTE E C@NOSCENZA;ANTOLOGIA DELLA COMMEDIA DI DANTE;GARGANO TRIFONE, , ;1;0;2010;18.00;0;NULL;NULL;NULL;421;3
213;9788824728935;DIRITTO ED ECONOMIA DELL' AZIENDA PER ERICA E PACLE;NULL;AGUSANI N, MATTARELLI S, ;3;1;2008;30.20;0;NULL;NULL;NULL;910111;3
214;9788808110565;NEW SURFING THE WORLD 2ED. + CD AUDIO       (LM LIBRO MISTO);NULL;DANDINI MARIA GRAZIA, , ;1;0;2010;21.70;0;NULL;NULL;NULL;8;3
216;9788881048984;UOMINI NEL TEMPO;1 DALLA PREISTORIA ALL'ESPANSIONE DI ROMA IN ITALI;GIACOMELLI MAURIZIO, GIUDICI LUCA, ;2;1;2010;21.45;0;NULL;NULL;NULL;300007;3
217;9788824728447;TELEPASS TOMO 1+TOMO 2;PER LA CLASSE TERZA IGEA E MERCURIO;BONI PIETRO, GHIGINI PIERO, ROBECCHI CLARA;3;1;2008;39.85;0;NULL;NULL;NULL;910111;3
218;9788824730013;TELEPASS VOL 1;PER IGEA E MERCURIO;COSTA PAOLA, GHIGINI PIERO, ROBECCHI CLARA;2;1;2010;17.60;0;NULL;NULL;NULL;910111;3
219;9788808230768;FERTIG, LOS! - CONF. 2 CD_ROM PER LO STUDENTE;EIN LEHRWERK FUR DIE DEUTSCHE SPACHE;CATANI CESARINA, GREINER HERBERT, PEDRELLI ELENA;1;0;2009;16.00;0;NULL;NULL;NULL;8;3
222;9788808130419;FERTIG, LOS! - VOL. 1 + CDROM + 2 CD AUDIO;EIN LEHRWERK FUR DIE DEUTSCHE SPRACHE;CATANI CESARINA, GREINER HERBERT, PEDRELLI ELENA;2;1;2009;33.20;0;NULL;NULL;NULL;8;3
225;9788808124999;CONOSCERE IL MONDO - EUROPA E ITALIA;NULL;SOFRI GIANNI, SOFRI FRANCESCA, ;2;1;2010;20.20;0;NULL;NULL;NULL;8;3
226;9788880425564;PAROLE PER CREARE VOL. A+B+IL MIO QUADERNO INVALSI;(A) FONOLOGIA-MORFOLOGIA-SINTASSI (B) COMUNICAZION;ARIETTI ELENA, PRANDI NADIA, ;1;0;2011;28.90;0;NULL;NULL;NULL;8042;3
227;9788824731454;FISICA PER IL NOSTRO FUTURO;NULL;RANDAZZO FRANCESCO, STROPPA PIERO, ;1;0;2010;20.40;0;NULL;NULL;NULL;4;3
228;9788808156730;DENTRO LE SCIENZE INTEGRATE 1 (LM LIBRO MISTO);VOLUME 1;GAINOTTI ALBA, MODELLI ALESSANDRA, ;2;1;2011;19.30;0;NULL;NULL;NULL;8;3
229;9788820347574;CLIPPY ZOOM + BASI DI VBA PER OFFICE 2007;NULL;AA VV, , ;1;0;2011;28.00;0;NULL;NULL;NULL;203;3
230;9788824731966;TELEPASS +;EDIZIONE AGGIORNATA ALLE LINEE GUIDA;COSTA PAOLA, GHIGINI PIERO, ROBECCHI CLARA;1;0;2011;29.10;0;NULL;NULL;NULL;910111;3
231;9788824730037;TELEPASS 2;PER PROFESSIONALI;COSTA PAOLA, GHIGINI PIERO, ROBECCHI CLARA;2;2;2011;17.60;0;NULL;NULL;NULL;910111;3
234;9788841660638;CORSO DI ECONOMIA POLITICA;NULL;POMA FRANCO, , ;1;0;2005;28.20;0;NULL;NULL;NULL;416;3
237;9788820345204;CLIPPY START;INFORMATICA PER IL PRIMO BIENNIO;LUGHEZZANI FLAVIA, PRINCIVALLE DANIELA, ;2;2;2010;12.00;0;NULL;NULL;NULL;203;3
241;9788820346874;CLIPPY ZOOM;WINDOWS VISTA/XP E OFFICE 2007;AA VV, , ;2;2;2011;13.50;0;NULL;NULL;NULL;203;3
242;9788841830420;PANGEA - IL PIANETA ABITATO;VOLUME B: DINAMICA ED EVOLUZIONE;AA VV, , ;1;0;2007;18.45;0;NULL;NULL;NULL;402;1
243;9788824731881;CHIMICA PER IL NOSTRO FUTURO;2 ANNO PER SETTORE ECONOMICO E PROFESSIONALI COMME;RANDAZZO FRANCESCO, STROPPA PIERO, ;1;0;2011;20.40;0;NULL;NULL;NULL;4;3
245;9788822158772;GAOT+;VOLUME 1 + ANTOLOGIA DIVINA COMMEDIA + GUIDA ESAME;SAMBUGAR MARTA, SALA' GABRIELLA, ;3;1;2007;32.50;0;NULL;NULL;NULL;221;3
247;9788861600959;INFORMATICA E COMUNICAZIONE IN AZIENDA VOL. UNICO SECONDO BIENNIO ITE;NULL;GIANNA GABBI, ANGELA MORSELLI, FRANCO ORLANDINO;1;0;2012;25.20;0;NULL;NULL;NULL;301;3
248;9788820334888;PHP;DALL'HTML ALLO SVILUPPO DI SITI WEB DINAMICI;CAMAGNI PAOLO, NIKOLASSY RICCARDO, ;1;0;2005;23.50;0;NULL;NULL;NULL;203;3
249;9788826816753;PROGETTAZIONE DEI DATABASE LINGUAGGIO SQL;ACCESS, MYSQL, ASP, PHP;LORENZI AGOSTINO, CAVALLI ENRICO, ;1;0;2011;23.50;0;NULL;NULL;NULL;268;3
250;9788823331150;NUOVO MATEMATICA CON APPLICAZIONI INFORMATICHE SET 1 - EDIZIONE MISTA;VOLUME 1 + ESPANSIONE WEB 1;GAMBOTTO MANZONE ANNAMARIA, CONSOLINI BRUNA, ;2;1;2012;27.50;0;NULL;NULL;NULL;233;3
251;9782011558206;C'EST CHEZ NOUS 1;LIVRE&CAHIER + MANUEL NUMERIQUE;AA VV, , ;1;0;2012;21.40;0;NULL;NULL;NULL;600009;3
252;9780194277112;NETWORK 1: MISTO STANDARD;ST BK + SB&WB + AUDIO CD + ESPANSIONE ONLINE;RADLEY PAUL, , ;2;1;2012;23.50;0;NULL;NULL;NULL;600012;3
253;9788826816258;ANTOLOGIA LETTERARIA;RACCONTO E ROMANZO + LABORATORIO DI SCRITTURA;BARBERI SQUAROTTI GIORGIO, GREGO GIANNA, MILESI VALERIA;1;0;2011;20.00;0;NULL;NULL;NULL;268;3
254;9788883390739;IN BUSINESS DIGITAL EDITION +AB;NULL;BENTINI, RICHARDSON, VAUGHAM;1;0;2012;32.30;0;NULL;NULL;NULL;300013;3
255;9788824729994;TELEPASS +;TOMO A ORGANIZZAZIONE GESTIONE E SISTEMA CONTABILE;BONI P., GHIGINI P., ROBECCHI C.;2;1;2012;26.55;0;NULL;NULL;NULL;910111;3
256;9788841642580;PARCOURS LIM+DS;NULL;DOVERI, JEANNINE, ;1;0;2012;21.40;0;NULL;NULL;NULL;920935;3
257;9788824738095;ECONOMIA AZIENDALE E GEOPOLITICA TOMO A;IL SISTEMA AZIENDA E I PRINCIPI ORGANIZZATIVI;AGUSANI N., MATTARELLI S., ;2;1;2012;26.55;0;NULL;NULL;NULL;910111;3
258;9788800221245;RELAZIONI INTERNAZIONALI;VOLUME UNICO BIENNIO;GAGLIARDINI L., PALMERIO G., ;1;0;2012;27.60;0;NULL;NULL;NULL;300004;3
259;9788861611382;MONDE DES AFFAIRES+DOSSIER+AB (LE);NULL;PONZI, RENAUD, ;1;0;2012;29.80;0;NULL;NULL;NULL;302;3
260;9788841643020;IT MILESTONES LIM+DS;NULL;LEARY, , ;1;0;2012;15.30;0;NULL;NULL;NULL;920935;3
266;9788800222365;DIRITTO ED RIFORMA + LABORATORIO;VOLUME UNICO BIENNIO + ME BOOK + RISORSE DIGITA;ZAGREBELSKY G, OBERTO G, STALLA G;1;0;2013;39.20;0;NULL;NULL;NULL;300004;3
267;9788824741330;TELEPASS + EDIZIONE BLU;VOL CLASSE + FASC COMP + ME BOOK + RISORSE DIGI;BONI P, GHIGINI P, ROBECCHI C;3;1;2013;34.80;0;NULL;NULL;NULL;910111;3
268;9788839515339;ATTUALITA' DELLA LETTERATURA 1;DALLE ORIGINI ALLA CONTRORIFORMA+LAB.COMP.COMUNICA;BALDI, GIUSSO, RAZZETTI - ZACCARIA;3;1;2012;34.70;0;NULL;NULL;NULL;395;3
269;9788835030300;ERODOTO (L');DAL MILLE ALLA META' DEL SEICENTO;GENTILE GIANNI, RONGA LUIGI, ROSSI ANNA;3;1;2012;19.90;0;NULL;NULL;NULL;350;3
270;9788835029335;ERODOTO (L');DALLA META' DEL SEICENTO ALLA FINE DELL'OTTOCENTO+;GENTILE GIANNI, RONGA LUIGI, ROSSI ANNA;3;2;2012;23.10;0;NULL;NULL;NULL;350;3
272;9788800222686;A SCUOLA DI DIRITTO E DI ECONOMIA;VOLUME UNICO + FASCICOLO COMPETENZE + ME BOOK +RIS;ZAGREBELSKY GUSTAVO, TRUCCO CRISTINA, BACCELLI GIUSEPPE;1;0;2013;19.80;0;NULL;NULL;NULL;300004;3
273;9788824741545;TELEPASS + EDIZIONE BLU;VOLUME UNICO BIENNIO + OBIETTIVO COMPETENZE + M;COSTA PAOLA, GHIGINI PIERO, ROBECCHI CLARA;1;0;2013;24.80;0;NULL;NULL;NULL;910111;3
275;9782011558213;C'EST CHEZ NOUS 2;LIVRE&CAHIER + MANUEL NUMERIQUE;AA VV, , ;1;0;2012;21.40;0;NULL;NULL;NULL;600009;3
276;9780194277105;NETWORK 2: MISTO SPECIAL;SB&WB + MDB2.0 + AUDIO CD + ESPANSIONE ONLINE;RADLEY PAUL, , ;2;2;2012;27.60;0;NULL;NULL;NULL;600012;3
277;9788826816265;ANTOLOGIA LETTERARIA;POESIA E TEATRO;BARBERI SQUAROTTI GIORGIO, GREGO GIANNA, MILESI VALERIA;1;0;2011;13.00;0;NULL;NULL;NULL;268;3
279;9788824741729;FISICA PER IL NOSTRO FUTURO - EDIZIONE DIGIT;VOLUME UNICO + ME BOOK + CONTENUTI DIGITALI;RANDAZZO FRANCESCO, STROPPA PIERO, ;1;0;2013;18.80;0;NULL;NULL;NULL;4;3
280;9788880425588;PAROLE PER CREARE VOL. A IL MIO QUADERNO INVALSI;FONOLOGIA-MORFOLOGIA-SINTASSI;ARIETTI ELENA, PRANDI NADIA, ;2;1;2011;15.10;0;NULL;NULL;NULL;8042;3
281;9788853613769;RESEAUX;DANS LA CIVILISATION FRANCAISE ET FRANCOPHONE;FANARA A., NIELFI C., ;1;0;2012;14.50;0;NULL;NULL;NULL;800140;3
282;9788808066633;FERTIG, LOS! - VOL. 2 + 2 CD AUDIO;EIN LEHRWERK FUR DIE DEUTSCHE SPACHE;CATANI CESARINA, GREINER HERBERT, PEDRELLI ELENA;2;2;2009;32.00;0;NULL;NULL;NULL;8;3
285;9788880428244;ECONOMIA POLITICA 2;NULL;GILIBERT ALFREDO, INDELICATO A, RAINERO C;1;0;2013;25.50;0;NULL;NULL;NULL;8042;3
286;9788841865194;QUE' ME CUENTAS DE NUEVO?;LIBRO DEL ALUMNO 1 Y CUADERNO DE EJERCICIOS + 2 CD;SANTOS MERCEDES, RAMOS CATALINA, SANTOS MARIA JOSE;2;1;2011;25.25;0;NULL;NULL;NULL;402;3
287;9788808088086;GRANDE DIZIONARIO DI SPAGNOLO - COFANETTO VOLUME + LICENZA ONLINE;DIZIONARIO SPAGNOLO ITALIANO ITALIANO SPAGNOLO;ARQUES COROMINAS ROSSEND, PADOAN ADRIANA, ;1;0;2012;74.50;0;NULL;NULL;NULL;8;3
