-- phpMyAdmin SQL Dump
-- version 3.4.10.1deb1
-- http://www.phpmyadmin.net
--
-- Host: localhost
-- Generato il: Apr 25, 2014 alle 13:31
-- Versione del server: 5.5.35
-- Versione PHP: 5.3.10-1ubuntu3.11

SET SQL_MODE="NO_AUTO_VALUE_ON_ZERO";
SET FOREIGN_KEY_CHECKS=0;


/*!40101 SET @OLD_CHARACTER_SET_CLIENT=@@CHARACTER_SET_CLIENT */;
/*!40101 SET @OLD_CHARACTER_SET_RESULTS=@@CHARACTER_SET_RESULTS */;
/*!40101 SET @OLD_COLLATION_CONNECTION=@@COLLATION_CONNECTION */;
/*!40101 SET NAMES utf8 */;

--
-- Database: `bookswapp`
--


--
-- Dump dei dati per la tabella `gender`
--
INSERT INTO `bsw_gender` (`id`, `gender_name`) VALUES
(1, 'male'),
(2, 'female');


--
-- Dump dei dati per la tabella `user_role`
--

INSERT INTO `bsw_user_role` (`id`, `role_name`, `role_value`) VALUES
(1, 'User', 10),
(2, 'Admin', 20),
(3, 'SuperUser', 30);

--
-- Dump dei dati per la tabella `user_status`
--

INSERT INTO `bsw_user_status` (`id`, `status_name`, `status_value`) VALUES
(1, 'Active', 10),
(2, 'Pending', 5);

--
-- Dump dei dati per la tabella `user_type`
--

INSERT INTO `bsw_user_type` (`id`, `user_type_name`, `user_type_value`) VALUES
(1, 'Free', 10),
(2, 'Paid', 30);

--
-- Dump dei dati per la tabella `user`
--

INSERT INTO `bsw_user` (`id`, `username`, `auth_key`, `password_hash`, `password_reset_token`, `email`, `role_id`, `status_id`, `user_type_id`, `created_at`, `updated_at`) VALUES
(1, 'admin', 'ZORTRlBS-8m2bJD3c0XGze3QVrLIap7p', '$2y$13$ppMews.a/wJPokGvOiSh/OFRpqCYxxyn6HRs2VSWu3f3t59vMZ3vK', NULL, 'admin@localhost.com', 2, 1, 1, '2015-04-20 21:10:46', '2015-04-20 21:10:46'),
(2, 'user', 'wQgQ_ND3k_TaExqnkSHAXwzIBCx4ZVlA', '$2y$13$LpEpQlIcHygviM861ZJpkOixenQLkOnIMuf3yuLqfDRXeh6iASmXO', NULL, 'user@localhost.com', 1, 1, 1, '2015-04-20 21:12:05', '2015-04-20 21:12:05'),
(3, 'superuser', 'BU8A0hDt6BQM1Q5smqOvKmZSAWxy3MG0', '$2y$13$FaSBGLh3eCdY4F8gUQc3Wut3cuXY.s5ZewAqxlXEhEtukFpvw87lS', NULL, 'superuser@localhost.it', 3, 1, 1, '2015-04-20 21:16:19', '2015-04-20 21:16:19');
--
-- Dump dei dati per la tabella `bsw_adoption`
--

INSERT INTO `bsw_adoption` (`id`, `school_id`, `year_adoption`, `class_id`, `book_id_book`, `possession`, `to_buy`, `advised`, `price_adoption`, `subject_id`) VALUES
(4, 1, 2012, 14, 108, 0, 1, 0, 20.00, 31),
(5, 1, 2012, 14, 136, 1, 0, 0, 20.60, 129),
(6, 1, 2012, 14, 150, 0, 1, 0, 28.60, 52),
(7, 1, 2012, 14, 152, 1, 0, 0, 30.05, 86),
(8, 1, 2012, 14, 178, 1, 0, 0, 25.40, 86),
(9, 1, 2012, 14, 182, 1, 0, 0, 20.30, 54),
(10, 1, 2012, 14, 208, 0, 1, 0, 35.60, 102),
(11, 1, 2012, 14, 212, 0, 1, 0, 25.50, 144),
(12, 1, 2012, 14, 231, 0, 1, 0, 33.50, 91),
(13, 1, 2012, 14, 234, 0, 1, 0, 44.40, 45),
(14, 1, 2012, 14, 249, 0, 1, 0, 23.50, 85),
(15, 1, 2012, 14, 260, 0, 1, 0, 14.80, 86),
(16, 1, 2012, 15, 39, 1, 0, 0, 8.30, 54),
(17, 1, 2012, 15, 46, 1, 0, 0, 18.00, 129),
(18, 1, 2012, 15, 67, 0, 1, 0, 20.00, 31),
(19, 1, 2012, 15, 120, 0, 1, 0, 25.30, 85),
(20, 1, 2012, 15, 151, 0, 1, 0, 20.00, 133),
(21, 1, 2012, 15, 152, 1, 0, 0, 30.05, 86),
(22, 1, 2012, 15, 153, 1, 0, 0, 22.50, 86),
(23, 1, 2012, 15, 156, 0, 1, 0, 24.80, 85),
(24, 1, 2012, 15, 185, 0, 1, 0, 34.00, 91),
(25, 1, 2012, 15, 213, 0, 1, 0, 35.60, 102),
(26, 1, 2012, 15, 231, 0, 1, 0, 26.00, 144),
(27, 1, 2012, 15, 260, 0, 1, 0, 49.30, 45),
(28, 1, 2012, 16, 125, 0, 1, 0, 25.60, 31),
(29, 1, 2012, 16, 177, 1, 0, 0, 18.40, 129),
(30, 1, 2012, 16, 182, 1, 0, 0, 20.30, 54),
(31, 1, 2012, 16, 203, 0, 1, 0, 23.90, 144),
(32, 1, 2012, 16, 214, 0, 1, 0, 21.00, 86),
(33, 1, 2012, 16, 234, 0, 1, 0, 27.50, 52),
(34, 1, 2012, 16, 245, 0, 1, 0, 31.90, 91),
(35, 1, 2012, 16, 247, 0, 1, 0, 24.50, 85),
(36, 1, 2012, 16, 250, 0, 1, 0, 27.50, 102),
(37, 1, 2012, 16, 254, 0, 1, 0, 31.50, 86),
(38, 1, 2012, 16, 255, 0, 1, 0, 25.80, 45),
(39, 1, 2012, 16, 256, 0, 1, 0, 20.60, 71),
(40, 1, 2012, 17, 5, 1, 0, 0, 0.00, 87),
(41, 1, 2012, 17, 104, 0, 1, 0, 20.00, 31),
(42, 1, 2012, 17, 150, 0, 1, 0, 28.60, 52),
(43, 1, 2012, 17, 177, 1, 0, 0, 18.40, 129),
(44, 1, 2012, 17, 182, 0, 1, 0, 20.30, 54),
(45, 1, 2012, 17, 203, 0, 1, 0, 23.90, 144),
(46, 1, 2012, 17, 214, 0, 1, 0, 21.00, 86),
(47, 1, 2012, 17, 245, 0, 1, 0, 31.90, 91),
(48, 1, 2012, 17, 248, 0, 1, 0, 23.50, 85),
(49, 1, 2012, 17, 250, 0, 1, 0, 27.50, 102),
(50, 1, 2012, 17, 254, 0, 1, 0, 31.50, 86),
(51, 1, 2012, 17, 255, 0, 1, 0, 25.80, 45),
(52, 1, 2012, 17, 256, 0, 1, 0, 20.60, 71),
(53, 1, 2012, 18, 1, 1, 0, 0, 10.20, 54),
(54, 1, 2012, 18, 42, 0, 1, 0, 11.30, 71),
(55, 1, 2012, 18, 46, 0, 1, 0, 18.00, 129),
(56, 1, 2012, 18, 167, 0, 1, 0, 25.95, 102),
(57, 1, 2012, 18, 185, 0, 1, 0, 34.00, 91),
(58, 1, 2012, 18, 189, 1, 0, 0, 24.25, 175),
(59, 1, 2012, 18, 190, 1, 0, 0, 29.30, 175),
(60, 1, 2012, 18, 191, 1, 0, 0, 28.50, 86),
(61, 1, 2012, 18, 192, 1, 0, 0, 19.20, 86),
(62, 1, 2012, 18, 208, 0, 1, 0, 25.70, 77),
(63, 1, 2012, 18, 222, 0, 1, 0, 34.30, 148),
(64, 1, 2012, 18, 231, 0, 1, 0, 26.00, 144),
(65, 1, 2012, 18, 266, 0, 1, 0, 33.80, 35),
(66, 1, 2012, 21, 10, 0, 1, 0, 0.00, 88),
(67, 1, 2012, 21, 177, 0, 1, 0, 18.40, 129),
(68, 1, 2012, 21, 182, 0, 1, 0, 20.30, 54),
(69, 1, 2012, 21, 193, 0, 1, 0, 24.10, 102),
(70, 1, 2012, 21, 194, 0, 1, 0, 12.50, 102),
(71, 1, 2012, 21, 216, 0, 1, 0, 20.90, 144),
(72, 1, 2012, 21, 222, 0, 1, 0, 32.00, 175),
(73, 1, 2012, 21, 225, 0, 1, 0, 19.40, 74),
(74, 1, 2012, 21, 226, 0, 1, 0, 28.90, 90),
(75, 1, 2012, 21, 227, 0, 1, 0, 19.80, 68),
(76, 1, 2012, 21, 228, 0, 1, 0, 18.70, 809),
(77, 1, 2012, 21, 230, 0, 1, 0, 27.40, 45),
(78, 1, 2012, 21, 245, 0, 1, 0, 12.90, 85),
(79, 1, 2012, 21, 252, 0, 1, 0, 23.00, 86),
(80, 1, 2012, 21, 253, 0, 1, 0, 20.00, 89),
(81, 1, 2012, 23, 157, 1, 0, 0, 59.00, 87),
(82, 1, 2012, 23, 177, 0, 1, 0, 18.40, 129),
(83, 1, 2012, 23, 182, 0, 1, 0, 20.30, 54),
(84, 1, 2012, 23, 203, 0, 1, 0, 23.90, 144),
(85, 1, 2012, 23, 214, 0, 1, 0, 21.00, 86),
(86, 1, 2012, 23, 222, 0, 1, 0, 32.00, 175),
(87, 1, 2012, 23, 237, 0, 1, 0, 34.20, 175),
(88, 1, 2012, 23, 245, 0, 1, 0, 31.90, 91),
(89, 1, 2012, 23, 247, 0, 1, 0, 24.50, 85),
(90, 1, 2012, 23, 250, 0, 1, 0, 27.50, 102),
(91, 1, 2012, 23, 251, 0, 1, 0, 21.00, 71),
(92, 1, 2012, 23, 254, 0, 1, 0, 31.50, 86),
(93, 1, 2012, 23, 256, 0, 1, 0, 20.60, 71),
(94, 1, 2012, 23, 257, 0, 1, 0, 25.80, 47),
(95, 1, 2012, 23, 258, 0, 1, 0, 26.80, 31),
(96, 1, 2013, 1, 5, 1, 0, 0, 76.00, 87),
(97, 1, 2013, 1, 10, 0, 1, 0, 0.00, 88),
(98, 1, 2013, 1, 177, 0, 1, 0, 18.80, 129),
(99, 1, 2013, 1, 182, 0, 1, 0, 20.80, 54),
(100, 1, 2013, 1, 193, 0, 1, 0, 24.60, 102),
(101, 1, 2013, 1, 194, 0, 1, 0, 12.80, 102),
(102, 1, 2013, 1, 216, 0, 1, 0, 21.45, 144),
(103, 1, 2013, 1, 225, 0, 1, 0, 20.20, 74),
(104, 1, 2013, 1, 226, 0, 1, 0, 28.90, 90),
(105, 1, 2013, 1, 227, 0, 1, 0, 20.40, 68),
(106, 1, 2013, 1, 228, 0, 1, 0, 19.30, 809),
(107, 1, 2013, 1, 245, 0, 1, 0, 13.50, 85),
(108, 1, 2013, 1, 251, 0, 1, 0, 21.40, 71),
(109, 1, 2013, 1, 253, 0, 1, 0, 20.00, 89),
(110, 1, 2013, 1, 272, 0, 1, 0, 19.80, 34),
(111, 1, 2013, 1, 273, 0, 1, 0, 24.80, 45),
(112, 1, 2013, 2, 5, 1, 0, 0, 76.00, 87),
(113, 1, 2013, 2, 10, 1, 0, 0, 0.00, 88),
(114, 1, 2013, 2, 27, 0, 1, 0, 13.60, 34),
(115, 1, 2013, 2, 177, 1, 0, 0, 18.80, 129),
(116, 1, 2013, 2, 182, 1, 0, 0, 20.80, 54),
(117, 1, 2013, 2, 194, 1, 0, 0, 12.80, 102),
(118, 1, 2013, 2, 219, 0, 1, 0, 23.00, 102),
(119, 1, 2013, 2, 226, 0, 1, 0, 28.90, 90),
(120, 1, 2013, 2, 230, 1, 0, 0, 29.10, 45),
(121, 1, 2013, 2, 237, 0, 1, 0, 20.80, 144),
(122, 1, 2013, 2, 241, 0, 1, 0, 23.20, 74),
(123, 1, 2013, 2, 243, 0, 1, 0, 20.40, 17),
(124, 1, 2013, 2, 251, 1, 0, 0, 21.40, 71),
(125, 1, 2013, 2, 252, 1, 0, 0, 23.50, 86),
(126, 1, 2013, 2, 275, 0, 1, 0, 21.40, 71),
(127, 1, 2013, 2, 276, 0, 1, 0, 27.60, 86),
(128, 1, 2013, 2, 277, 0, 1, 0, 13.00, 89),
(129, 1, 2013, 3, 5, 1, 0, 1, 76.00, 87),
(130, 1, 2013, 3, 10, 0, 1, 0, 0.00, 88),
(131, 1, 2013, 3, 141, 0, 1, 0, 85.50, 72),
(132, 1, 2013, 3, 177, 0, 1, 0, 18.80, 129),
(133, 1, 2013, 3, 182, 0, 1, 0, 20.80, 54),
(134, 1, 2013, 3, 193, 0, 1, 0, 24.60, 102),
(135, 1, 2013, 3, 194, 0, 1, 0, 12.80, 102),
(136, 1, 2013, 3, 216, 0, 1, 0, 21.45, 144),
(137, 1, 2013, 3, 222, 0, 1, 0, 33.20, 175),
(138, 1, 2013, 3, 225, 0, 1, 0, 20.20, 74),
(139, 1, 2013, 3, 226, 0, 1, 0, 28.90, 90),
(140, 1, 2013, 3, 227, 0, 1, 0, 20.40, 68),
(141, 1, 2013, 3, 228, 0, 1, 0, 19.30, 809),
(142, 1, 2013, 3, 245, 0, 1, 0, 13.50, 85),
(143, 1, 2013, 3, 251, 0, 1, 0, 21.40, 71),
(144, 1, 2013, 3, 252, 0, 1, 0, 23.50, 86),
(145, 1, 2013, 3, 253, 0, 1, 0, 20.00, 89),
(146, 1, 2013, 3, 272, 0, 1, 0, 19.80, 34),
(147, 1, 2013, 3, 273, 0, 1, 0, 24.80, 45),
(148, 1, 2013, 3, 286, 0, 1, 0, 25.25, 141),
(149, 1, 2013, 3, 287, 1, 0, 1, 74.50, 142),
(150, 1, 2013, 4, 5, 1, 0, 0, 76.00, 87),
(151, 1, 2013, 4, 10, 1, 0, 0, 0.00, 88),
(152, 1, 2013, 4, 27, 0, 1, 0, 13.60, 34),
(153, 1, 2013, 4, 135, 1, 0, 0, 21.95, 90),
(154, 1, 2013, 4, 177, 1, 0, 0, 18.80, 129),
(155, 1, 2013, 4, 182, 1, 0, 0, 20.80, 54),
(156, 1, 2013, 4, 194, 1, 0, 0, 12.80, 102),
(157, 1, 2013, 4, 201, 0, 1, 0, 9.50, 86),
(158, 1, 2013, 4, 219, 0, 1, 0, 23.00, 102),
(159, 1, 2013, 4, 226, 0, 1, 0, 28.90, 90),
(160, 1, 2013, 4, 230, 1, 0, 0, 29.10, 45),
(161, 1, 2013, 4, 237, 0, 1, 0, 20.80, 144),
(162, 1, 2013, 4, 241, 0, 1, 0, 23.20, 74),
(163, 1, 2013, 4, 243, 0, 1, 0, 20.40, 17),
(164, 1, 2013, 4, 251, 1, 0, 0, 21.40, 71),
(165, 1, 2013, 4, 252, 1, 0, 0, 23.50, 86),
(166, 1, 2013, 4, 275, 0, 1, 0, 21.40, 71),
(167, 1, 2013, 4, 276, 0, 1, 0, 27.60, 86),
(168, 1, 2013, 4, 277, 0, 1, 0, 16.00, 89),
(169, 1, 2013, 5, 5, 1, 0, 0, 76.00, 87),
(170, 1, 2013, 5, 10, 0, 1, 0, 0.00, 88),
(171, 1, 2013, 5, 177, 0, 1, 0, 18.80, 129),
(172, 1, 2013, 5, 182, 0, 1, 0, 20.80, 54),
(173, 1, 2013, 5, 193, 0, 1, 0, 24.60, 102),
(174, 1, 2013, 5, 194, 0, 1, 0, 12.80, 102),
(175, 1, 2013, 5, 216, 0, 1, 0, 21.45, 144),
(176, 1, 2013, 5, 222, 0, 1, 0, 33.20, 175),
(177, 1, 2013, 5, 225, 0, 1, 0, 20.20, 74),
(178, 1, 2013, 5, 226, 0, 1, 0, 28.90, 90),
(179, 1, 2013, 5, 228, 0, 1, 0, 19.30, 809),
(180, 1, 2013, 5, 245, 0, 1, 0, 13.50, 85),
(181, 1, 2013, 5, 251, 0, 1, 0, 21.40, 71),
(182, 1, 2013, 5, 253, 0, 1, 0, 20.00, 89),
(183, 1, 2013, 5, 272, 0, 1, 0, 19.80, 34),
(184, 1, 2013, 5, 273, 0, 1, 0, 24.80, 45),
(185, 1, 2013, 5, 279, 0, 1, 0, 18.80, 68),
(186, 1, 2013, 6, 27, 0, 1, 0, 13.60, 34),
(187, 1, 2013, 6, 177, 1, 0, 0, 18.80, 129),
(188, 1, 2013, 6, 182, 1, 0, 0, 20.80, 54),
(189, 1, 2013, 6, 194, 1, 0, 0, 12.80, 102),
(190, 1, 2013, 6, 219, 0, 1, 0, 23.00, 102),
(191, 1, 2013, 6, 226, 0, 1, 0, 28.90, 90),
(192, 1, 2013, 6, 230, 1, 0, 0, 29.10, 45),
(193, 1, 2013, 6, 237, 0, 1, 0, 20.80, 144),
(194, 1, 2013, 6, 241, 0, 1, 0, 23.20, 74),
(195, 1, 2013, 6, 252, 1, 0, 0, 23.50, 86),
(196, 1, 2013, 6, 276, 0, 1, 0, 27.60, 86),
(197, 1, 2013, 6, 277, 0, 1, 0, 13.00, 89),
(198, 1, 2013, 7, 5, 1, 0, 0, 76.00, 87),
(199, 1, 2013, 7, 10, 0, 1, 0, 0.00, 88),
(200, 1, 2013, 7, 141, 0, 1, 0, 85.50, 72),
(201, 1, 2013, 7, 177, 0, 1, 0, 18.80, 129),
(202, 1, 2013, 7, 182, 0, 1, 0, 20.80, 54),
(203, 1, 2013, 7, 193, 0, 1, 0, 24.60, 102),
(204, 1, 2013, 7, 194, 0, 1, 0, 12.80, 102),
(205, 1, 2013, 7, 216, 0, 1, 0, 21.45, 144),
(206, 1, 2013, 7, 225, 0, 1, 0, 20.20, 74),
(207, 1, 2013, 7, 226, 0, 1, 0, 28.90, 90),
(208, 1, 2013, 7, 227, 0, 1, 0, 20.40, 68),
(209, 1, 2013, 7, 228, 0, 1, 0, 19.30, 809),
(210, 1, 2013, 7, 245, 0, 1, 0, 13.50, 85),
(211, 1, 2013, 7, 251, 0, 1, 0, 21.40, 71),
(212, 1, 2013, 7, 253, 0, 1, 0, 20.00, 89),
(213, 1, 2013, 7, 272, 0, 1, 0, 19.80, 34),
(214, 1, 2013, 7, 273, 0, 1, 0, 24.80, 45),
(215, 1, 2013, 8, 5, 1, 0, 0, 76.00, 87),
(216, 1, 2013, 8, 10, 0, 1, 0, 0.00, 88),
(217, 1, 2013, 8, 27, 0, 1, 0, 13.60, 34),
(218, 1, 2013, 8, 135, 1, 0, 0, 21.95, 90),
(219, 1, 2013, 8, 177, 1, 0, 0, 18.80, 129),
(220, 1, 2013, 8, 182, 1, 0, 0, 20.80, 54),
(221, 1, 2013, 8, 194, 1, 0, 0, 12.80, 102),
(222, 1, 2013, 8, 219, 0, 1, 0, 23.00, 102),
(223, 1, 2013, 8, 226, 0, 1, 0, 28.90, 90),
(224, 1, 2013, 8, 230, 1, 0, 0, 29.10, 45),
(225, 1, 2013, 8, 237, 0, 1, 0, 20.80, 144),
(226, 1, 2013, 8, 241, 0, 1, 0, 23.20, 74),
(227, 1, 2013, 8, 243, 0, 1, 0, 20.40, 17),
(228, 1, 2013, 8, 251, 1, 0, 0, 21.40, 71),
(229, 1, 2013, 8, 252, 1, 0, 0, 23.50, 86),
(230, 1, 2013, 8, 275, 0, 1, 0, 21.40, 71),
(231, 1, 2013, 8, 276, 0, 1, 0, 27.60, 86),
(232, 1, 2013, 8, 277, 0, 1, 0, 13.00, 89),
(233, 1, 2013, 15, 46, 1, 0, 0, 18.50, 129),
(234, 1, 2013, 15, 51, 1, 0, 0, 34.90, 86),
(235, 1, 2013, 15, 54, 1, 0, 0, 22.90, 32),
(236, 1, 2013, 15, 67, 0, 1, 0, 27.40, 77),
(237, 1, 2013, 15, 69, 0, 1, 0, 45.00, 45),
(238, 1, 2013, 15, 71, 0, 1, 0, 45.00, 45),
(239, 1, 2013, 15, 76, 0, 1, 0, 24.65, 86),
(240, 1, 2013, 15, 81, 0, 1, 0, 25.60, 133),
(241, 1, 2013, 15, 151, 0, 1, 0, 20.00, 133),
(242, 1, 2013, 15, 152, 1, 0, 0, 30.05, 86),
(243, 1, 2013, 15, 179, 0, 1, 0, 31.05, 71),
(244, 1, 2013, 15, 180, 0, 1, 0, 25.65, 175),
(245, 1, 2013, 15, 185, 0, 1, 0, 34.70, 91),
(246, 1, 2013, 15, 182, 1, 0, 0, 20.80, 54),
(247, 1, 2013, 15, 231, 0, 1, 0, 26.70, 144),
(248, 1, 2013, 16, 5, 1, 0, 0, 76.00, 87),
(249, 1, 2013, 16, 52, 0, 1, 0, 30.80, 52),
(250, 1, 2013, 16, 177, 1, 0, 0, 18.80, 129),
(251, 1, 2013, 16, 182, 1, 0, 0, 20.80, 54),
(252, 1, 2013, 16, 203, 0, 1, 0, 24.50, 144),
(253, 1, 2013, 16, 214, 0, 1, 0, 21.70, 86),
(254, 1, 2013, 16, 248, 0, 1, 0, 23.50, 85),
(255, 1, 2013, 16, 250, 0, 1, 0, 27.50, 102),
(256, 1, 2013, 16, 254, 0, 1, 0, 32.30, 86),
(257, 1, 2013, 16, 256, 0, 1, 0, 21.40, 71),
(258, 1, 2013, 16, 266, 0, 1, 0, 39.20, 31),
(259, 1, 2013, 16, 267, 0, 1, 0, 34.80, 45),
(260, 1, 2013, 16, 268, 0, 1, 0, 34.70, 91),
(261, 1, 2013, 16, 269, 1, 0, 1, 19.90, 144),
(262, 1, 2013, 16, 281, 0, 1, 0, 14.50, 71),
(263, 1, 2013, 17, 108, 0, 1, 0, 20.00, 31),
(264, 1, 2013, 17, 150, 0, 1, 0, 29.40, 52),
(265, 1, 2013, 17, 152, 1, 0, 0, 30.05, 86),
(266, 1, 2013, 17, 177, 1, 0, 0, 18.80, 129),
(267, 1, 2013, 17, 178, 1, 0, 0, 26.00, 86),
(268, 1, 2013, 17, 182, 1, 0, 0, 20.80, 54),
(269, 1, 2013, 17, 212, 0, 1, 0, 26.20, 144),
(270, 1, 2013, 17, 231, 0, 1, 0, 34.20, 91),
(271, 1, 2013, 17, 249, 0, 1, 0, 23.50, 85),
(272, 1, 2013, 17, 260, 0, 1, 0, 15.30, 86),
(273, 1, 2013, 17, 270, 0, 1, 0, 34.80, 45),
(274, 1, 2013, 17, 282, 0, 1, 0, 26.30, 102),
(275, 1, 2013, 18, 67, 1, 0, 0, 20.00, 31),
(276, 1, 2013, 18, 120, 0, 1, 0, 25.30, 85),
(277, 1, 2013, 18, 125, 0, 1, 0, 26.10, 31),
(278, 1, 2013, 18, 151, 0, 1, 0, 20.00, 133),
(279, 1, 2013, 18, 152, 1, 0, 0, 30.05, 86),
(280, 1, 2013, 18, 153, 1, 0, 0, 22.50, 86),
(281, 1, 2013, 18, 156, 0, 1, 0, 24.80, 85),
(282, 1, 2013, 18, 169, 0, 1, 0, 27.90, 52),
(283, 1, 2013, 18, 177, 1, 0, 0, 18.80, 129),
(284, 1, 2013, 18, 185, 0, 1, 0, 34.70, 91),
(285, 1, 2013, 18, 182, 1, 0, 0, 20.80, 54),
(286, 1, 2013, 18, 203, 0, 1, 0, 24.50, 144),
(287, 1, 2013, 18, 213, 0, 1, 0, 36.30, 102),
(288, 1, 2013, 18, 214, 0, 1, 0, 21.70, 86),
(289, 1, 2013, 18, 231, 0, 1, 0, 26.70, 144),
(290, 1, 2013, 18, 245, 0, 1, 0, 32.50, 91),
(291, 1, 2013, 18, 250, 0, 1, 0, 27.50, 102),
(292, 1, 2013, 18, 254, 0, 1, 0, 32.30, 86),
(293, 1, 2013, 18, 255, 0, 1, 0, 26.55, 45),
(294, 1, 2013, 18, 260, 0, 1, 0, 50.80, 45),
(295, 1, 2013, 18, 285, 1, 0, 0, 25.50, 133),
(296, 1, 2013, 19, 5, 1, 0, 0, 76.00, 87),
(297, 1, 2013, 19, 52, 0, 1, 0, 30.80, 52),
(298, 1, 2013, 19, 177, 1, 0, 0, 18.80, 129),
(299, 1, 2013, 19, 182, 1, 0, 0, 20.80, 54),
(300, 1, 2013, 19, 203, 0, 1, 0, 24.50, 144),
(301, 1, 2013, 19, 214, 0, 1, 0, 21.70, 86),
(302, 1, 2013, 19, 237, 1, 0, 0, 35.50, 175),
(303, 1, 2013, 19, 248, 0, 1, 0, 23.50, 85),
(304, 1, 2013, 19, 250, 0, 1, 0, 27.50, 102),
(305, 1, 2013, 19, 254, 0, 1, 0, 32.30, 86),
(306, 1, 2013, 19, 256, 0, 1, 0, 21.40, 71),
(307, 1, 2013, 19, 266, 0, 1, 0, 39.20, 31),
(308, 1, 2013, 19, 267, 0, 1, 0, 34.80, 45),
(309, 1, 2013, 19, 268, 0, 1, 0, 34.70, 91),
(310, 1, 2013, 19, 269, 1, 0, 1, 19.90, 144),
(311, 1, 2013, 19, 281, 0, 1, 0, 14.50, 71),
(312, 1, 2013, 20, 108, 0, 1, 0, 20.00, 31),
(313, 1, 2013, 20, 150, 0, 1, 0, 29.40, 52),
(314, 1, 2013, 20, 177, 1, 0, 0, 18.80, 129),
(315, 1, 2013, 20, 182, 1, 0, 0, 20.80, 54),
(316, 1, 2013, 20, 212, 0, 1, 0, 26.20, 144),
(317, 1, 2013, 20, 214, 1, 0, 0, 21.70, 86),
(318, 1, 2013, 20, 231, 0, 1, 0, 34.20, 91),
(319, 1, 2013, 20, 249, 0, 1, 0, 23.50, 85),
(320, 1, 2013, 20, 254, 1, 0, 0, 32.30, 86),
(321, 1, 2013, 20, 260, 0, 1, 0, 15.30, 86),
(322, 1, 2013, 20, 270, 0, 1, 0, 34.80, 45),
(323, 1, 2013, 20, 282, 0, 1, 0, 26.30, 102),
(324, 1, 2013, 21, 54, 1, 0, 0, 22.90, 32),
(325, 1, 2013, 21, 67, 0, 1, 0, 20.00, 31),
(326, 1, 2013, 21, 120, 0, 1, 0, 25.30, 85),
(327, 1, 2013, 21, 152, 1, 0, 0, 30.05, 86),
(328, 1, 2013, 21, 156, 0, 1, 0, 24.80, 85),
(329, 1, 2013, 21, 177, 1, 0, 0, 18.80, 129),
(330, 1, 2013, 21, 185, 0, 1, 0, 34.70, 91),
(331, 1, 2013, 21, 182, 1, 0, 0, 20.80, 54),
(332, 1, 2013, 21, 204, 0, 1, 0, 40.80, 91),
(333, 1, 2013, 21, 213, 0, 1, 0, 36.30, 102),
(334, 1, 2013, 21, 214, 0, 1, 0, 21.70, 86),
(335, 1, 2013, 21, 231, 0, 1, 0, 26.70, 144),
(336, 1, 2013, 21, 260, 1, 0, 0, 15.30, 86),
(337, 1, 2013, 21, 285, 0, 1, 0, 25.50, 133);

--
-- Dump dei dati per la tabella `bsw_book`
--

INSERT INTO `bsw_book` (`id`, `isbn`, `title`, `subtitle`, `authors`, `num_vol_serie`, `num_volume`, `published_date`, `price`, `annexes`, `page_count`, `thumbnail`, `google_book_id`, `publisher_id`, `print_type_id`) VALUES
(1, 9788842665151, 'MANUALE ILLUSTRATO DELL''EDUCAZIONE FISICA SCOLASTICA VOLUME 1A', NULL, 'BALBONI B., DISPENZA A., PIOTTI C.', NULL, 1, 2002, 10.20, 0, NULL, NULL, NULL, 426, 3),
(4, 9788839575463, 'DIVENTARE CITTADINI 1', NULL, 'FERRARI, MACCARI, ', NULL, 1, 2003, 14.60, 0, NULL, NULL, NULL, 301, 3),
(5, 9788808125736, 'RAGAZZINI 2013 - COFANETTO VOLUME + LICENZA ONLINE ANNUALE', 'DIZIONARIO INGLESE ITALIANO ITALIANO INGLESE', 'RAGAZZINI GIUSEPPE, , ', NULL, 0, 2012, 76.00, 0, NULL, NULL, NULL, 8, 1),
(10, 9788826807959, 'COURIR LE MONDE NIVEAU 1', 'PROJET MODULAIRE DE LANGUE ET CULTU', 'GUERINI ROSALBA, MORETTI ISIDORO, MONTFORT ISABELLE', NULL, 1, 2000, 11.80, 0, NULL, NULL, NULL, 268, 1),
(11, 9788826807966, 'COURIR LE MONDE NIVEAU 1. CAHIER DES ACTIVITES', NULL, 'GUERINI ROSALBA, MORETTI ISIDORO, MONTFORT ISABELLE', NULL, 0, 2000, 6.00, 0, NULL, NULL, NULL, 268, 1),
(12, 9788835097457, 'TERZO MILLENIO CRISTIANO 1', NULL, 'PASQUALI S., PANIZZOLI A., ', NULL, 1, 2000, 19.40, 0, NULL, NULL, NULL, 350, 3),
(13, 9788813267872, 'INSIEMI, LOGICA, RELAZIONI FUNZIONI', NULL, 'SCOVENNA MARINA, , ', NULL, 0, 2006, 3.75, 0, NULL, NULL, NULL, 13, 3),
(14, 9788813231378, 'ELEMENTI DI GEOMETRIA 1', 'MATEMATICA DI BASE: ELEMENTI DI GEOMETRIA', 'SCOVENNA MARINA, SCAGLIANTI LUCIANO, ', NULL, 1, 2001, 12.55, 0, NULL, NULL, NULL, 13, 3),
(15, 9788883920660, 'LINGUA I TESTI LA REALTA'' (LA) - VOLUME A + B', 'CORSO DI EDUCAZIONE LINGUISTICA E TESTUALE', 'BERAUD PATRIZIA, GEUNA MARINELLA, ', NULL, 0, 2008, 31.90, 0, NULL, NULL, NULL, 200100, 3),
(16, 9788823306615, 'SCOPRIRE L''ECONOMIA AZIENDALE', 'TOMO A + CD ROM', 'ASTOLFI, STROFFOLINO, ', NULL, 1, 2007, 19.20, 0, NULL, NULL, NULL, 233, 3),
(17, 9788823302778, 'NUOVO LA MATERIA (IL) -PROPRIETA'', TRASFORMAZIONI, RISORSE - QUADERNO DI LAB', NULL, 'PASSANNANTI SALVATORE, SBRIZIOLO CARMELO, ', NULL, 0, 2005, 6.70, 0, NULL, NULL, NULL, 233, 3),
(18, 9788823303362, 'NUOVO LA MATERIA (IL) - PROPRIETA'', TRASFORMAZIONI, RISORSE  - TOMO A + CD', NULL, 'PASSANNANTI SALVATORE, SBRIZIOLO CARMELO, ', NULL, 1, 2005, 16.50, 0, NULL, NULL, NULL, 233, 3),
(20, 9788808104656, 'SPOTLIGHT ON YOU - BLOCCO 0 +1A + 3 CD AUDIO', 'STUDENT''S BOOK + WORKBOOK 0 + STUDENT''S BOOK E WOR', 'PAPA MARIO, SHELLY JANET, ', NULL, 0, 2005, 30.00, 0, NULL, NULL, NULL, 8, 3),
(21, 9788800452267, 'CORSO DI STORIA VOL 1', 'STORIA ANTICA', 'DI SACCO PAOLO, , ', NULL, 1, 2005, 25.45, 0, NULL, NULL, NULL, 300004, 3),
(22, 9788842449805, 'FUTURA', 'NARRAZIONI', 'RICCARDI CECILIA, GIORGI TIZIANA, ', NULL, 0, 2006, 20.50, 0, NULL, NULL, NULL, 424, 3),
(23, 9788820335632, 'NEW CLIPPY EXPERT', NULL, 'LUGHEZZANI FLAVIA, , ', NULL, 0, 2006, 28.50, 0, NULL, NULL, NULL, 203, 1),
(24, 9788879523721, 'IDEE DI LETTURA - MITO E FIABA, RACCONTO, ROMANZO', NULL, 'GENSINI, GINI, VECCHI', NULL, 0, 2002, 14.60, 0, NULL, NULL, NULL, 7952, 1),
(27, 9788823324435, 'RISORSE DEL COMPUTER - IL NUOVO TRATTAMENTO TESTI E DATI - VOL. 2', NULL, 'PINTONATO CLARA, POZZATO ELISA, ', NULL, 2, 2003, 11.80, 0, NULL, NULL, NULL, 233, 1),
(28, 9788823103467, 'SCIENZE DELLA NATURA', 'TEMA 3 + FASCICOLO', 'PORZIO ELENA, PORZIO ORNELLA, ', NULL, 0, 2003, 10.20, 0, NULL, NULL, NULL, 231, 1),
(33, 9788813248895, 'ELEMENTI DI ALGEBRA 2 - SECONDA EDIZIONE', 'MATEMATICA DI BASE: ELEMENTI DI ALGEBRA', 'SCOVENNA MARINA, , ', NULL, 2, 2004, 21.65, 0, NULL, NULL, NULL, 13, 3),
(34, 9788808300584, 'SPOTLIGHT ON YOU - BOOK 1B', 'STUDENT''S BOOK + WORKBOOK + CD AUDIO', 'PAPA MARIO, SHELLY JANET, ', NULL, 0, 2004, 17.00, 0, NULL, NULL, NULL, 8, 3),
(35, 9788839575302, 'ECDL SENZA PROBLEMI - AVANZATO EXCEL', NULL, 'ORLANDINO FRANCO, , ', NULL, 0, 2004, 9.50, 0, NULL, NULL, NULL, 301, 3),
(38, 9788823100299, 'GEOGRAFIA  DELL''ITALIA E DELL''EUROPA', 'CORSO DI GEOGRAFIA ECONOMICA', 'DO.GE., , ', NULL, 1, 2007, 27.40, 0, NULL, NULL, NULL, 231, 3),
(39, 9788823300231, 'MATEMATICA CON APPLICAZIONI INFORMATICHE (TOMI 1+2) 1', NULL, 'GAMBOTTO MANZONE ANNAMARIA, CONSOLINI BRUNA, ', NULL, 1, 2004, 36.10, 0, NULL, NULL, NULL, 233, 3),
(42, 9788805070398, 'ATELIER CULTUREL', 'CIVILTA'' FRANCESE', 'SIMONELLI SALVATORE, CAMBRIA ANTONELLA, ', NULL, 0, 2009, 11.60, 0, NULL, NULL, NULL, 5, 3),
(43, 9788808211620, 'WIE BITTE?', 'NEUE AUSGABE - GRUNDSTUFE 3 CON CD AUDIO - KURSBUC', 'CATANI C., GREINER H., PEDRELLI E.', NULL, 0, 2003, 30.60, 0, NULL, NULL, NULL, 8, 3),
(44, 9788823308466, 'ENTRIAMO IN AZIENDA 1', 'VOLUME 1 + CD + FASCICOLO DI AGGIORNAMENTO', 'ASTOLFI, RASCIONI, RICCI', NULL, 1, 2008, 41.80, 0, NULL, NULL, NULL, 233, 3),
(46, 9788842442615, 'STUDIARE STORIA 1 - SAPERI DI BASE', NULL, 'FOSSATI, LUPPI, ZANETTE', NULL, 1, 2001, 21.00, 0, NULL, NULL, NULL, 424, 3),
(49, 9789963469475, 'NEW NAVIGATOR STUDENT''S + CD AUDIO', 'A MODULAR LOOK  AT THE ENGLISH SPEAKING WORLD', 'BRYANT H, MAZZARINO S, ', NULL, 0, 2004, 18.30, 0, NULL, NULL, NULL, 920010, 1),
(51, 9788829827619, 'B2S (BUSINESS TO STUDENTS) MANUALE+WB', 'COMMERCE, ECONOMY AND CULTURE', 'BASSI MARIA GABRIELLA, SCRIVANTI GIAN BATTISTA, ', NULL, 0, 2006, 34.90, 0, NULL, NULL, NULL, 298, 3),
(52, 9788808199218, 'ECONOMIA, IMPRESA, MERCATI (LMS LIBRO MISTO SCARICABILE)', 'SECONDA EDIZIONE DI MANUALE DI ECONOMIA POLITICA', 'RONCHETTI PAOLO, , ', NULL, 0, 2012, 30.80, 0, NULL, NULL, NULL, 8, 3),
(54, 9788824741095, 'CODICE CIVILE', 'EDIZIONE 2013 + CD ROM', 'AA VV, , ', NULL, 0, 2013, 22.90, 0, NULL, NULL, NULL, 910111, 3),
(56, 9788820109622, 'BUSY PLANET VOL. A', 'BUSINESS BACKGROUND AND LANGUAGE-CIVILIZATION', 'DE GIULI ESTER, PERACCHIONE FRANCA, TONON VIVIANA', NULL, 1, 2002, 21.50, 0, NULL, NULL, NULL, 201, 1),
(58, 9788805070381, 'COMMERCE EN ATELIER + CD-ROM', NULL, 'SIMONELLI SALVATORE, CAMBRIA ANTONELLA, ', NULL, 0, 2009, 19.80, 0, NULL, NULL, NULL, 5, 3),
(59, 9788842440482, 'DIVINA COMMEDIA', 'ANTOLOGIA', 'ALIGHIERI D., , ', NULL, 0, 1995, 21.00, 0, NULL, NULL, NULL, 424, 1),
(67, 9788824464437, 'DIRITTO PUBBLICO', 'IL NUOVO FONDAMENTI DEL DIRITTO PUBBLICO', 'ORABONA PIETRO, BELLUCCIO SIMONA, ', NULL, 3, 2009, 20.00, 0, NULL, NULL, NULL, 920073, 3),
(69, 9788823310285, 'SCIENZA DELLE FINANZE E SISTEMA TRIBUTARIO SET', 'VOLUME + MODULISTICA 2009', 'ARDOLFI NINO, PALMISANO ROSA, ', NULL, 0, 2009, 26.30, 0, NULL, NULL, NULL, 233, 3),
(71, 9788826807980, 'COURIR LE MONDE NIVEAU 2. CAHIER DES ACTIVITES', NULL, 'GUERINI ROSALBA, MORETTI ISIDORO, MONTFORT ISABELLE', NULL, 0, 2000, 6.00, 0, NULL, NULL, NULL, 268, 1),
(72, 9788808400505, 'SPOTLIGHT ON YOU - BLOCCO 0+1A', 'BLOCCO BOOK 0 + BOOK 1A CON 2 CD AUDIO', 'PAPA MARIO, SHELLY JANET, ', NULL, 0, 2004, 23.80, 0, NULL, NULL, NULL, 8, 3),
(73, 9788842473046, 'GATEWAY TO TOURISM', NULL, 'DUCATI ROSANNA, GARDELLA EMILIA, ', NULL, 0, 2002, 23.80, 0, NULL, NULL, NULL, 302, 1),
(74, 9788820344344, 'NUOVO MANUALE DI TECNICA TURISTICA E AMMINISTRATIVA', NULL, 'CASTOLDI GIORGIO, , ', NULL, 0, 2010, 33.00, 0, NULL, NULL, NULL, 203, 3),
(75, 9788808195005, 'FORUM - TERZA EDIZIONE DI E SE... (LMS LIBRO MISTO SCARICABILE)', 'DIRITTO CIVILE + PDF SCARICABILE', 'MONTI PAOLO, , ', NULL, 1, 2012, 22.30, 0, NULL, NULL, NULL, 8, 3),
(76, 9788877545480, 'GRAMMAR WORLD + CD-ROM VERSIONE ITALIANA', 'FOR ITALIAN STUDENTS', 'SELLEN DEREK, , ', NULL, 0, 2000, 24.65, 0, NULL, NULL, NULL, 7754, 3),
(78, 9788808070272, 'SPOTLIGHT ON YOU FROM B1 TO B2', 'STUDENT''S BOOK + WORKBOOK CON CD AUDIO', 'SHELLY JANET, POPPITI JENNIFER, ', NULL, 0, 2006, 31.00, 0, NULL, NULL, NULL, 8, 3),
(79, 9788841802014, 'DIVINA COMMEDIA', 'CANTI SCELTI', 'ALIGHIERI DANTE, , ', NULL, 0, 2002, 25.35, 0, NULL, NULL, NULL, 402, 1),
(80, 9788808174987, 'E SE ... 2ED. 2 - DIRITTO COMMERCIALE', NULL, 'MONTI PAOLO, , ', NULL, 2, 2007, 26.00, 0, NULL, NULL, NULL, 8, 3),
(81, 9788823310339, 'SCIENZA DELLE FINANZE E DIRITTO TRIBUTARIO', 'VOLUME + MODULISTICA 2009', 'VINCI ORLANDO ROSA MARIA, , ', NULL, 0, 2009, 25.60, 0, NULL, NULL, NULL, 233, 3),
(87, 9788808078599, 'WIE BITTE? NEUE AUSGABE - BLOCCO 1 (FIT 1) + CD AUDIO', 'KURSBUCH + ARBEITSBUCH + CD AUDIO', 'CATANI C., GREINER H., PEDRELLI E.', NULL, 1, 2002, 28.40, 0, NULL, NULL, NULL, 8, 3),
(91, 9788808104632, 'SPOTLIGHT ON YOU', 'STUDENT''S BOOK 0 + WORKBOOK 0 + 2 CD AUDIO', 'PAPA MARIO, SHELLY JANET, ', NULL, 0, 2005, 16.20, 0, NULL, NULL, NULL, 8, 3),
(92, 9788841581179, 'STORIA - CIVILTA'' ANTICHE - TOMO 1', 'CIVILTA'' ANTICHE', 'DIOTTI UMBERTO, , ', NULL, 1, 2000, 7.65, 0, NULL, NULL, NULL, 402, 3),
(93, 9788842441649, 'MIT IN QUATTRO - GRAMMATICA', 'MODULI DI ITALIANO', 'CRISTOFORI A., GAVAZZI E., ROSATO I.', NULL, 0, 2001, 10.50, 0, NULL, NULL, NULL, 424, 1),
(94, 9788808095930, 'LEGGENDO SCRIVENDO 1 - PROSE (DIARI-AUTOBIOGRAFIE-LETTERE, RACCONTI, ROMANZI', 'ANTOLOGIA PER IL BIENNIO', 'ALFIERI RENATO, CAMPO VINCENZO, ', NULL, 0, 2002, 22.80, 0, NULL, NULL, NULL, 8, 1),
(95, 9788845131066, 'MATERIA: DALL''OSSERVAZIONE ALLE LEGGI - SATELLITE 1', 'ELETTRICITA'' E MATERIA', 'POLI ANTONIA, FIORELLO AGOSTINO, ', NULL, 0, 2001, 5.30, 0, NULL, NULL, NULL, 319, 1),
(98, 9788839510785, 'PROMESSI SPOSI ED.ANTOLOGICA', NULL, 'MANZONI, , ', NULL, 0, 2000, 14.40, 0, NULL, NULL, NULL, 395, 3),
(99, 9788881048175, 'VENTAGLI (I)', 'A: IL MIO MONDO', 'MARIOTTI ALBERTA, SCLAFANI MARIA CONCETTA, STANCANELLI AMELIA', NULL, 0, 2005, 16.40, 0, NULL, NULL, NULL, 300007, 3),
(101, 9788839575401, 'MONDO MOUSE - CORRISPONDENZA COMMERCIALE', NULL, 'ORLANDINO, PAGANI, ', NULL, 0, 2003, 7.70, 0, NULL, NULL, NULL, 301, 3),
(104, 9788849408935, 'CLICK  ON  BUSINESS', NULL, 'CUMINO M., BOWEN P., ', NULL, 0, 2003, 31.95, 0, NULL, NULL, NULL, 494, 1),
(107, 9788826811888, 'INFORMATICA: TEORIA E PROGRAMMAZIONE IN VISUAL BASIC', NULL, 'LORENZI AGOSTINO, ROSSI DANIELE, ', NULL, 0, 2004, 25.70, 0, NULL, NULL, NULL, 268, 3),
(108, 9788853800435, 'MERCURIO MATEMATICA A1', NULL, 'TROVATO MARIO, , ', NULL, 1, 2004, 17.30, 0, NULL, NULL, NULL, 8013, 3),
(115, 9788826809090, 'SISTEMI OPERATIVI (I). LE RETI. IL SISTEMA INFORMATIVO AZIENDALE', NULL, 'LORENZI AGOSTINO, ROSSI DANIELE, PIZZIGALLI T.', NULL, 0, 2000, 21.45, 0, NULL, NULL, NULL, 268, 1),
(117, 9788880136774, 'LINEAMENTI DI MATEMATICA TRIENNIO MERCURIO MODULO G', 'ANALISI NUMERICA', 'BARONCINI PAOLO, FABBRI ELISABETTA, GRASSI CINZIA', NULL, 0, 2001, 7.00, 0, NULL, NULL, NULL, 8013, 3),
(119, 9788820342425, 'CLIPPY PLUS', 'LABORATORIO DI ECONOMIA AZIENDALE', 'LUGHEZZANI FLAVIA, ORLANDI NEUMANN NICOLETTA, ', NULL, 3, 2011, 11.00, 0, NULL, NULL, NULL, 203, 3),
(120, 9788826811840, 'INFORMATICA: LE BASI DI DATI E IL LINGUAGGIO SQL', 'ACCESS, MYSQL, DATABASE IN RETE', 'LORENZI AGOSTINO, CAVALLI ENRICO, ', NULL, 0, 2005, 25.30, 0, NULL, NULL, NULL, 268, 3),
(121, 9788829823260, 'INFORMATICA GENERALE. JAVA.', 'LA PROGRAMMAZIONE A OGGETTI', 'GALLO P., SALERNO F., ', NULL, 0, 2003, 10.80, 0, NULL, NULL, NULL, 298, 1),
(124, 9788823308435, 'CONOSCERE E APPLICARE LA MATEMATICA 1', 'VOLUME 1 + QUADERNO PER IL RIPASSO E IL RECUPERO 1', 'GAMBOTTO MANZONE ANNA MARIA, CONSOLINI BRUNA, ', NULL, 1, 2008, 36.80, 0, NULL, NULL, NULL, 233, 3),
(125, 9788823307889, 'NUOVO CORSO DI DIRITTO 1', 'DIRITTO CIVILE', 'CAPILUPPI MARCO, , ', NULL, 1, 2008, 26.10, 0, NULL, NULL, NULL, 233, 2),
(126, 9788820334390, 'LINGUAGGIO JAVA (IL)', 'GUIDA ALLA PROGRAMMAZIONE DI BASE', 'BIGATTI MASSIMILIANO, , ', NULL, 0, 2005, 13.50, 0, NULL, NULL, NULL, 203, 3),
(127, 9788823304116, 'ICT - INFORMAZIONE, COMUNICAZIONE, TECNOLOGIE 1', 'DALL''ALGORITMO AL PROGRAMMA', 'SANPIETRO ORNELLA, SANPIETRO FERDINANDO, ', NULL, 1, 2006, 21.80, 0, NULL, NULL, NULL, 233, 3),
(131, 9788873860341, 'INSIGHT. STUDENT''S  1 + WORKBOOK 1 + CD AUDIO 1 + CD ROM', NULL, 'GARTON SPRENGER J., PROWSE P., ', NULL, 1, 2003, 28.80, 0, NULL, NULL, NULL, 600010, 1),
(133, 9788845131059, 'MATERIA: DALL''OSSERVAZIONE ALLE LEGGI - NUCLEO', 'NUCLEO', 'POLI ANTONIA, FIORELLO AGOSTINO, ', NULL, 0, 2001, 20.70, 0, NULL, NULL, NULL, 319, 1),
(134, 9788845131097, 'MATERIA: DALL''OSSERVAZIONE ALLE LEGGI - QUADERNO DI LABORATORIO', 'QUADERNO DI LABORATORIO', 'POLI ANTONIA, FIORELLO AGOSTINO, ', NULL, 0, 2001, 3.90, 0, NULL, NULL, NULL, 319, 1),
(135, 9788869642357, 'SCIOGLIERE I NODI', 'GRAMMATICA DI BASE + CD-ROM', 'SAVIGLIANO CLAUDIA, , ', 1, 0, 2006, 21.95, 0, NULL, NULL, NULL, 11, 3),
(136, 9788801032130, 'NUOVI CONFRONTI (VOLUME UNICO) - LIBRO MISTO', 'PERCORSI E RIFLESSIONI DI CULTURA RELIGIOSA', 'CONTADINI M., MARCUCCINI A., CARDINALI A.P.', 1, 0, 2005, 20.60, 0, NULL, NULL, NULL, 1, 3),
(137, 9788826812731, 'GRAND ANGLE - LIVRE DE L''ELEVE 1', 'LANGUE ET CIVILISATION FRANCAISES', 'MELO FAGGIANO IVANA, MAZZOTTA VITA, DELAUNAY HERVE''', 2, 1, 2007, 12.45, 0, NULL, NULL, NULL, 268, 3),
(138, 9788826812748, 'GRAND ANGLE CAHIER D''EXERCICES 1', NULL, 'MELO FAGGIANO IVANA, MAZZOTTA VITA, DELAUNAY HERVE''', 2, 1, 2007, 8.50, 0, NULL, NULL, NULL, 268, 3),
(139, 9788841830451, 'PANGEA - IL PIANETA ABITATO', 'VOLUME A + VOLUME B - (CONFEZIONE INDIVISIBILE)', 'AA VV, , ', 1, 0, 2007, 29.70, 0, NULL, NULL, NULL, 402, 1),
(140, 9788848003247, 'GRANDE DIZIONARIO INGLESE HAZON (IL) - SENZA CD ROM  + VOLUME WORD BY WORD', 'EDIZIONE 2010', 'GARZANTI, , ', 1, 0, 2009, 68.00, 0, NULL, NULL, NULL, 11, 1),
(141, 9788808222695, 'BOCH 5ED. CON CD-ROM', 'DIZIONARIO ITALIANO FRANCESE - FRANCESE ITALIANO', 'BOCH R., , ', 1, 0, 2008, 85.50, 0, NULL, NULL, NULL, 8, 1),
(142, 9788842450405, 'BASI DELLA LETTERATURA (LE) CON DIVINA COMMEDIA - VOL. 1', 'DAL MEDIOEVO AL RINASCIMENTO', 'DI SACCO PAOLO, , ', 3, 1, 2007, 37.50, 0, NULL, NULL, NULL, 424, 3),
(143, 9788883324512, 'STORIA N.E. 2007', 'FATTI ED INTERPRETAZIONI', 'BERTINI F, , ', 3, 1, 2007, 24.60, 0, NULL, NULL, NULL, 425, 3),
(145, 9788822153838, 'GAOT - GENERI AUTORI OPERE TEMI', 'DAL SEICENTO ALLA METÀ DELL''OTTOCENTO', 'SAMBUGAR MARTA, SALA'' GABRIELLA, ', 3, 2, 2004, 33.90, 0, NULL, NULL, NULL, 221, 3),
(146, 9788853803061, 'ESCAPADES TOURISTIQUES', NULL, 'CRIMI ANNA MARIA, , ', 1, 0, 2006, 26.65, 0, NULL, NULL, NULL, 8013, 3),
(147, 9788808051776, 'MODULI DI ECONOMIA POLITICA EDIZIONE 2002', NULL, 'RONCHETTI PAOLO, , ', 1, 0, 2002, 22.80, 0, NULL, NULL, NULL, 8, 1),
(148, 9788835019923, 'ALTRO VIAGGIO (L'') NUOVA EDIZIONE', NULL, 'ALIGHIERI DANTE, MERLANTE RICCARDO, PRANDI STEFANO', 1, 0, 2006, 24.50, 0, NULL, NULL, NULL, 350, 1),
(149, 9788842470144, 'DIRECTIONS', 'GATEWAY TO THE ENGLISH-SPEAKING WORLD', 'O''MALLEY KIARAN, , ', 1, 0, 2006, 20.40, 0, NULL, NULL, NULL, 302, 3),
(150, 9788839570154, 'DIMENSIONE ECONOMIA', 'CORSO DI ECONOMIA POLITICA (MANUALE + QUADERNO)', 'BIANCHI CARLUCCIO, MACCARI PATRIZIA, ', 1, 0, 2007, 29.40, 0, NULL, NULL, NULL, 301, 3),
(151, 9788824464963, 'SCIENZA DELLE FINANZE E DIRITTO TRIBUTARIO (S3)', 'MANUALE E LABORATORIO PER LO STUDENTE + GUIDA PER', 'BALESTRINO ALESSANDRO, PIERRO MARIA, DE ROSA CLAUDIA', 1, 0, 2009, 20.00, 0, NULL, NULL, NULL, 920073, 3),
(152, 9788849410365, 'ACTIVE BUSINESS', NULL, 'CUMINO M., BOWEN P., ', 1, 0, 2005, 30.05, 0, NULL, NULL, NULL, 494, 1),
(153, 9788844119621, 'NEW I-TECH', 'ENGLISH FOR INFORMATION AND COMMUNICATION TECHNOLO', 'BELLINO MARIA GRAZIA, , ', 1, 0, 2013, 22.50, 0, NULL, NULL, NULL, 300009, 3),
(154, 9788805060238, 'PHP 5 - SEI APOGEO', 'CON ESERCIZI E PROPOSTE OPERATIVE', 'CANDUCCI M., , ', 1, 0, 2007, 6.40, 0, NULL, NULL, NULL, 5, 1),
(156, 9788826811864, 'INFORMATICA: SISTEMI OPERATIVI E RETI', NULL, 'LORENZI AGOSTINO, , ', 1, 0, 2006, 24.80, 0, NULL, NULL, NULL, 268, 3),
(157, 9788874937790, 'DESKTOP', 'DIZIONARIO INGLESE-ITALIANO ITALIANO-INGLESE', 'COLLINS, , ', 1, 0, 2006, 59.00, 0, NULL, NULL, NULL, 7493, 1),
(158, 9788820334727, 'JAVA', 'INTERFACCE GRAFICHE E PROGRAMMAZIONE CONCORRENTE', 'CAMAGNI PAOLO, NIKOLASSY RICCARDO, ', 1, 0, 2005, 11.50, 0, NULL, NULL, NULL, 203, 3),
(160, 9788823302617, 'PERCORSI DI DIRITTO ED ECONOMIA PER L''AZIENDA 1', NULL, 'AUTORI VARI, , ', 3, 1, 2005, 24.60, 0, NULL, NULL, NULL, 233, 3),
(163, 9788845115677, 'CONTINENTE EUROPEO (IL) A2 ITALIA', NULL, 'GREGOLI FERNANDA, LANZA CARLA, NANO FERRUCCIO', 3, 1, 2006, 6.30, 0, NULL, NULL, NULL, 320, 1),
(165, 9781405820073, 'ONLINE FOR BUSINESS - PACK UNICO', NULL, 'BENTINI FLAVIA, DELMONT MICHAEL, ', 1, 0, 2005, 38.00, 0, NULL, NULL, NULL, 300013, 3),
(166, 9780582854727, 'ONLINE FOR BUSINESS MULTIMEDIA - PACK UNICO', NULL, 'BENTINI FLAVIA, DELMONT MICHAEL, ', 1, 0, 2005, 43.90, 0, NULL, NULL, NULL, 300013, 3),
(167, 9788880138846, 'METODI E STRUMENTI DI MATEMATICA PER L''ECONOMIA TRIENNIO ERICA', NULL, 'TROVATO MARIO, , ', 3, 3, 2003, 25.95, 0, NULL, NULL, NULL, 8013, 3),
(168, 9788808046031, 'CRICCO DI TEODORO (IL) 1. VERS. VERDE (LM LIBRO MISTO)', 'ITINERARIO NELL''ARTE . DALLA PREISTORIA ALL''ETA'' G', 'CRICCO GIORGIO, DI TEODORO FRANCESCO P., ', 3, 1, 2010, 32.00, 0, NULL, NULL, NULL, 8, 3),
(169, 9788823304611, 'MANUALE DI ECONOMIA POLITICA SET - VOLUME+QUADERNO+CD ROM', NULL, 'SANNA ANTONIO, , ', 1, 0, 2006, 27.90, 0, NULL, NULL, NULL, 233, 3),
(172, 9788808079077, 'ITINERARIO NELL''ARTE 2 2ED.', 'DA GIOTTO ALL''ETA''BAROCCA', 'CRICCO GIORGIO, DI TEODORO FRANCESCO PAOLO, ', 3, 2, 2004, 30.00, 0, NULL, NULL, NULL, 8, 3),
(174, 9788826813363, 'GET TOGETHER - STUDENT''S BOOK 1', NULL, 'PORCELLI GIANFRANCO, INVERNIZZI FRANCA, VILLANI DANIELA', 2, 1, 2007, 10.45, 0, NULL, NULL, NULL, 268, 1),
(175, 9788826813370, 'GET TOGETHER - SELF-STUDY BOOK 1', NULL, 'PORCELLI GIANFRANCO, INVERNIZZI FRANCA, VILLANI DANIELA', 2, 1, 2007, 9.50, 0, NULL, NULL, NULL, 268, 1),
(176, 9788805030194, 'TRAME DEL TESTO E DELL''IMMAGINARIO - VOL. A', 'VOL. A - NARRATIVA E ATTUALITA'' + 200 PAGINE PER L', 'JACOMUZZI VINCENZO, MILIANI MARIA ROSARIA, SAURO FRANCESCA ROMANA', 1, 0, 2008, 19.20, 0, NULL, NULL, NULL, 5, 3),
(177, 9788805029792, 'TUTTI I COLORI DELLA VITA', 'IN ALLEGATO FASCICOLO CIOTTI, NON LASCIAMOCI RUBAR', 'SOLINAS LUIGI, , ', 1, 0, 2007, 18.80, 0, NULL, NULL, NULL, 5, 3),
(178, 9780194422550, 'GOOD GRAMMAR (THE)', 'FOR ITALIAN STUDENTS (STUDENT''S BOOK + INTERACTIVE', 'SWAN MICHAEL, WALTHER CATHERINA, BERTOCCHI DANIELA', 1, 0, 2007, 26.00, 0, NULL, NULL, NULL, 600012, 3),
(179, 9788849412796, 'NOUVELLE ENTREPRISE (LA)', 'COMMERCE ECONOMIE CIVILISATION', 'CAPUTO C., SCHIAVI G., BOELLA T.', 1, 0, 2008, 31.05, 0, NULL, NULL, NULL, 494, 3),
(180, 9788849481723, 'WIRTSCHAFT.ONLINE', 'HANDEL, WIRTSCHAFT, LANDESKUNDE', 'DELOR R., FOSCHI ALBERT M., HEPP M.', 1, 0, 2006, 25.65, 0, NULL, NULL, NULL, 300006, 1),
(182, 9788839301529, 'CORPO LIBERO - EDIZIONE AGGIORNATA', 'MANUALE DI EDUCAZIONE FISICA PER LA SCUOLA SECONDA', 'FIORINI GIANLUIGI, CORETTI STEFANO, BOCCHI SILVIA', 1, 0, 2007, 20.80, 0, NULL, NULL, NULL, 393, 3),
(185, 9788835022404, 'CAMPIELLO (IL)', 'TOMO A: TESTO NARRATIVO + IL PIACERE DELLA LETTURA', 'BASSINI DIANA, GHEDINI MILLA, ', 1, 0, 2008, 13.50, 0, NULL, NULL, NULL, 350, 3),
(187, 9788826811857, 'LINGUAGGIO JAVA N.E. (IL)', NULL, 'LORENZI AGOSTINO, RIZZI ANDREA, FACCHETTI GIUSEPPE', 1, 0, 2006, 24.30, 0, NULL, NULL, NULL, 268, 3),
(189, 9788853006912, 'FOCUS KOMPAKT NEU', NULL, 'MARI MARIA PAOLA, , ', 1, 0, 2007, 24.85, 0, NULL, NULL, NULL, 7754, 3),
(190, 9788808166685, 'UNTERWEGS ZU HAUSE', 'DEUTSCHE FUER DIE TURISTIKBRANCHE - CON CD AUDIO', 'CREMER, NEU, ROGGI', 1, 0, 2007, 30.20, 0, NULL, NULL, NULL, 800035, 3),
(191, 9788808066671, 'GOING FAR', NULL, 'ROGGI GIUSEPPE, PICKING JOHN, ', 1, 0, 2007, 28.50, 0, NULL, NULL, NULL, 800035, 3),
(192, 9788808070456, 'NOW AND THEN 2ED', 'SHORT HISTORY AND ANTHOLOGY OF ENGLISH LITERATURE', 'SPIAZZI MARINA, TAVELLA MARINA, ', 1, 0, 2006, 20.00, 0, NULL, NULL, NULL, 8, 3),
(193, 9788823310001, 'ALGEBRA 1', 'CORSO DI MATEMATICA PER IL BIENNIO', 'GAMBOTTO MANZONE ANNA MARIA, VAI ROBERTO, CONSOLINI BRUNA', 2, 1, 2009, 24.60, 0, NULL, NULL, NULL, 233, 3),
(194, 9788823309951, 'GEOMETRIA', 'CORSO DI MATEMATICA PER IL BIENNIO', 'GAMBOTTO MANZONE ANNA MARIA, VAI ROBERTO, CONSOLINI BRUNA', 2, 1, 2009, 12.80, 0, NULL, NULL, NULL, 233, 3),
(201, 9780194795258, 'NEW HORIZONS 2: ST PACK', 'SB&WB + HMW BK + ST CD + CD-ROM + ESPANSIONE ONLIN', 'RADLEY PAUL, SIMONETTI DANIELA, ', 2, 2, 2008, 28.50, 0, NULL, NULL, NULL, 600012, 3),
(202, 9788883390234, 'IN BUSINESS', 'EDIZIONE PACK', 'BENTINI FLAVIA, VAUGHAM VITA, RICHARDSON BRUCE', 1, 0, 2009, 32.30, 0, NULL, NULL, NULL, 300013, 3),
(203, 9788842443049, 'PARLARE DI STORIA 1', 'LA FORMAZIONE DELL''EUROPA MODERNA', 'FOSSATI, LUPPI, ZANETTE', 3, 1, 2009, 24.50, 0, NULL, NULL, NULL, 424, 3),
(204, 9788845148590, 'CORSO DI GEOGRAFIA ECONOMICA', 'IL CONTINENTE EUROPEO - A1 EUROPA: AMBIENTI E PAES', 'AA VV, , ', 3, 0, 2009, 21.80, 0, NULL, NULL, NULL, 320, 2),
(208, 9788808111654, 'ITINERARIO NELL''ARTE - GUIDA ALLO STUDIO 3 VERSIONE SCARICABILE', NULL, 'CRICCO GIORGIO, DI TEODORO FRANCESCO P., ', 3, 3, 2009, 5.70, 0, NULL, NULL, NULL, 8, 2),
(212, 9788842109433, 'VIRTUTE E C@NOSCENZA', 'ANTOLOGIA DELLA COMMEDIA DI DANTE', 'GARGANO TRIFONE, , ', 1, 0, 2010, 18.00, 0, NULL, NULL, NULL, 421, 3),
(213, 9788824728935, 'DIRITTO ED ECONOMIA DELL'' AZIENDA PER ERICA E PACLE', NULL, 'AGUSANI N, MATTARELLI S, ', 3, 1, 2008, 30.20, 0, NULL, NULL, NULL, 910111, 3),
(214, 9788808110565, 'NEW SURFING THE WORLD 2ED. + CD AUDIO       (LM LIBRO MISTO)', NULL, 'DANDINI MARIA GRAZIA, , ', 1, 0, 2010, 21.70, 0, NULL, NULL, NULL, 8, 3),
(216, 9788881048984, 'UOMINI NEL TEMPO', '1 DALLA PREISTORIA ALL''ESPANSIONE DI ROMA IN ITALI', 'GIACOMELLI MAURIZIO, GIUDICI LUCA, ', 2, 1, 2010, 21.45, 0, NULL, NULL, NULL, 300007, 3),
(217, 9788824728447, 'TELEPASS TOMO 1+TOMO 2', 'PER LA CLASSE TERZA IGEA E MERCURIO', 'BONI PIETRO, GHIGINI PIERO, ROBECCHI CLARA', 3, 1, 2008, 39.85, 0, NULL, NULL, NULL, 910111, 3),
(218, 9788824730013, 'TELEPASS VOL 1', 'PER IGEA E MERCURIO', 'COSTA PAOLA, GHIGINI PIERO, ROBECCHI CLARA', 2, 1, 2010, 17.60, 0, NULL, NULL, NULL, 910111, 3),
(219, 9788808230768, 'FERTIG, LOS! - CONF. 2 CD_ROM PER LO STUDENTE', 'EIN LEHRWERK FUR DIE DEUTSCHE SPACHE', 'CATANI CESARINA, GREINER HERBERT, PEDRELLI ELENA', 1, 0, 2009, 16.00, 0, NULL, NULL, NULL, 8, 3),
(222, 9788808130419, 'FERTIG, LOS! - VOL. 1 + CDROM + 2 CD AUDIO', 'EIN LEHRWERK FUR DIE DEUTSCHE SPRACHE', 'CATANI CESARINA, GREINER HERBERT, PEDRELLI ELENA', 2, 1, 2009, 33.20, 0, NULL, NULL, NULL, 8, 3),
(225, 9788808124999, 'CONOSCERE IL MONDO - EUROPA E ITALIA', NULL, 'SOFRI GIANNI, SOFRI FRANCESCA, ', 2, 1, 2010, 20.20, 0, NULL, NULL, NULL, 8, 3),
(226, 9788880425564, 'PAROLE PER CREARE VOL. A+B+IL MIO QUADERNO INVALSI', '(A) FONOLOGIA-MORFOLOGIA-SINTASSI (B) COMUNICAZION', 'ARIETTI ELENA, PRANDI NADIA, ', 1, 0, 2011, 28.90, 0, NULL, NULL, NULL, 8042, 3),
(227, 9788824731454, 'FISICA PER IL NOSTRO FUTURO', NULL, 'RANDAZZO FRANCESCO, STROPPA PIERO, ', 1, 0, 2010, 20.40, 0, NULL, NULL, NULL, 4, 3),
(228, 9788808156730, 'DENTRO LE SCIENZE INTEGRATE 1 (LM LIBRO MISTO)', 'VOLUME 1', 'GAINOTTI ALBA, MODELLI ALESSANDRA, ', 2, 1, 2011, 19.30, 0, NULL, NULL, NULL, 8, 3),
(229, 9788820347574, 'CLIPPY ZOOM + BASI DI VBA PER OFFICE 2007', NULL, 'AA VV, , ', 1, 0, 2011, 28.00, 0, NULL, NULL, NULL, 203, 3),
(230, 9788824731966, 'TELEPASS +', 'EDIZIONE AGGIORNATA ALLE LINEE GUIDA', 'COSTA PAOLA, GHIGINI PIERO, ROBECCHI CLARA', 1, 0, 2011, 29.10, 0, NULL, NULL, NULL, 910111, 3),
(231, 9788824730037, 'TELEPASS 2', 'PER PROFESSIONALI', 'COSTA PAOLA, GHIGINI PIERO, ROBECCHI CLARA', 2, 2, 2011, 17.60, 0, NULL, NULL, NULL, 910111, 3),
(234, 9788841660638, 'CORSO DI ECONOMIA POLITICA', NULL, 'POMA FRANCO, , ', 1, 0, 2005, 28.20, 0, NULL, NULL, NULL, 416, 3),
(237, 9788820345204, 'CLIPPY START', 'INFORMATICA PER IL PRIMO BIENNIO', 'LUGHEZZANI FLAVIA, PRINCIVALLE DANIELA, ', 2, 2, 2010, 12.00, 0, NULL, NULL, NULL, 203, 3),
(241, 9788820346874, 'CLIPPY ZOOM', 'WINDOWS VISTA/XP E OFFICE 2007', 'AA VV, , ', 2, 2, 2011, 13.50, 0, NULL, NULL, NULL, 203, 3),
(242, 9788841830420, 'PANGEA - IL PIANETA ABITATO', 'VOLUME B: DINAMICA ED EVOLUZIONE', 'AA VV, , ', 1, 0, 2007, 18.45, 0, NULL, NULL, NULL, 402, 1),
(243, 9788824731881, 'CHIMICA PER IL NOSTRO FUTURO', '2 ANNO PER SETTORE ECONOMICO E PROFESSIONALI COMME', 'RANDAZZO FRANCESCO, STROPPA PIERO, ', 1, 0, 2011, 20.40, 0, NULL, NULL, NULL, 4, 3),
(245, 9788822158772, 'GAOT+', 'VOLUME 1 + ANTOLOGIA DIVINA COMMEDIA + GUIDA ESAME', 'SAMBUGAR MARTA, SALA'' GABRIELLA, ', 3, 1, 2007, 32.50, 0, NULL, NULL, NULL, 221, 3),
(247, 9788861600959, 'INFORMATICA E COMUNICAZIONE IN AZIENDA VOL. UNICO SECONDO BIENNIO ITE', NULL, 'GIANNA GABBI, ANGELA MORSELLI, FRANCO ORLANDINO', 1, 0, 2012, 25.20, 0, NULL, NULL, NULL, 301, 3),
(248, 9788820334888, 'PHP', 'DALL''HTML ALLO SVILUPPO DI SITI WEB DINAMICI', 'CAMAGNI PAOLO, NIKOLASSY RICCARDO, ', 1, 0, 2005, 23.50, 0, NULL, NULL, NULL, 203, 3),
(249, 9788826816753, 'PROGETTAZIONE DEI DATABASE LINGUAGGIO SQL', 'ACCESS, MYSQL, ASP, PHP', 'LORENZI AGOSTINO, CAVALLI ENRICO, ', 1, 0, 2011, 23.50, 0, NULL, NULL, NULL, 268, 3),
(250, 9788823331150, 'NUOVO MATEMATICA CON APPLICAZIONI INFORMATICHE SET 1 - EDIZIONE MISTA', 'VOLUME 1 + ESPANSIONE WEB 1', 'GAMBOTTO MANZONE ANNAMARIA, CONSOLINI BRUNA, ', 2, 1, 2012, 27.50, 0, NULL, NULL, NULL, 233, 3),
(251, 9782011558206, 'C''EST CHEZ NOUS 1', 'LIVRE&CAHIER + MANUEL NUMERIQUE', 'AA VV, , ', 1, 0, 2012, 21.40, 0, NULL, NULL, NULL, 600009, 3),
(252, 9780194277112, 'NETWORK 1: MISTO STANDARD', 'ST BK + SB&WB + AUDIO CD + ESPANSIONE ONLINE', 'RADLEY PAUL, , ', 2, 1, 2012, 23.50, 0, NULL, NULL, NULL, 600012, 3),
(253, 9788826816258, 'ANTOLOGIA LETTERARIA', 'RACCONTO E ROMANZO + LABORATORIO DI SCRITTURA', 'BARBERI SQUAROTTI GIORGIO, GREGO GIANNA, MILESI VALERIA', 1, 0, 2011, 20.00, 0, NULL, NULL, NULL, 268, 3),
(254, 9788883390739, 'IN BUSINESS DIGITAL EDITION +AB', NULL, 'BENTINI, RICHARDSON, VAUGHAM', 1, 0, 2012, 32.30, 0, NULL, NULL, NULL, 300013, 3),
(255, 9788824729994, 'TELEPASS +', 'TOMO A ORGANIZZAZIONE GESTIONE E SISTEMA CONTABILE', 'BONI P., GHIGINI P., ROBECCHI C.', 2, 1, 2012, 26.55, 0, NULL, NULL, NULL, 910111, 3),
(256, 9788841642580, 'PARCOURS LIM+DS', NULL, 'DOVERI, JEANNINE, ', 1, 0, 2012, 21.40, 0, NULL, NULL, NULL, 920935, 3),
(257, 9788824738095, 'ECONOMIA AZIENDALE E GEOPOLITICA TOMO A', 'IL SISTEMA AZIENDA E I PRINCIPI ORGANIZZATIVI', 'AGUSANI N., MATTARELLI S., ', 2, 1, 2012, 26.55, 0, NULL, NULL, NULL, 910111, 3),
(258, 9788800221245, 'RELAZIONI INTERNAZIONALI', 'VOLUME UNICO BIENNIO', 'GAGLIARDINI L., PALMERIO G., ', 1, 0, 2012, 27.60, 0, NULL, NULL, NULL, 300004, 3),
(259, 9788861611382, 'MONDE DES AFFAIRES+DOSSIER+AB (LE)', NULL, 'PONZI, RENAUD, ', 1, 0, 2012, 29.80, 0, NULL, NULL, NULL, 302, 3),
(260, 9788841643020, 'IT MILESTONES LIM+DS', NULL, 'LEARY, , ', 1, 0, 2012, 15.30, 0, NULL, NULL, NULL, 920935, 3),
(266, 9788800222365, 'DIRITTO ED RIFORMA + LABORATORIO', 'VOLUME UNICO BIENNIO + ME BOOK + RISORSE DIGITA', 'ZAGREBELSKY G, OBERTO G, STALLA G', 1, 0, 2013, 39.20, 0, NULL, NULL, NULL, 300004, 3),
(267, 9788824741330, 'TELEPASS + EDIZIONE BLU', 'VOL CLASSE + FASC COMP + ME BOOK + RISORSE DIGI', 'BONI P, GHIGINI P, ROBECCHI C', 3, 1, 2013, 34.80, 0, NULL, NULL, NULL, 910111, 3),
(268, 9788839515339, 'ATTUALITA'' DELLA LETTERATURA 1', 'DALLE ORIGINI ALLA CONTRORIFORMA+LAB.COMP.COMUNICA', 'BALDI, GIUSSO, RAZZETTI - ZACCARIA', 3, 1, 2012, 34.70, 0, NULL, NULL, NULL, 395, 3),
(269, 9788835030300, 'ERODOTO (L'')', 'DAL MILLE ALLA META'' DEL SEICENTO', 'GENTILE GIANNI, RONGA LUIGI, ROSSI ANNA', 3, 1, 2012, 19.90, 0, NULL, NULL, NULL, 350, 3),
(270, 9788835029335, 'ERODOTO (L'')', 'DALLA META'' DEL SEICENTO ALLA FINE DELL''OTTOCENTO+', 'GENTILE GIANNI, RONGA LUIGI, ROSSI ANNA', 3, 2, 2012, 23.10, 0, NULL, NULL, NULL, 350, 3),
(272, 9788800222686, 'A SCUOLA DI DIRITTO E DI ECONOMIA', 'VOLUME UNICO + FASCICOLO COMPETENZE + ME BOOK +RIS', 'ZAGREBELSKY GUSTAVO, TRUCCO CRISTINA, BACCELLI GIUSEPPE', 1, 0, 2013, 19.80, 0, NULL, NULL, NULL, 300004, 3),
(273, 9788824741545, 'TELEPASS + EDIZIONE BLU', 'VOLUME UNICO BIENNIO + OBIETTIVO COMPETENZE + M', 'COSTA PAOLA, GHIGINI PIERO, ROBECCHI CLARA', 1, 0, 2013, 24.80, 0, NULL, NULL, NULL, 910111, 3),
(275, 9782011558213, 'C''EST CHEZ NOUS 2', 'LIVRE&CAHIER + MANUEL NUMERIQUE', 'AA VV, , ', 1, 0, 2012, 21.40, 0, NULL, NULL, NULL, 600009, 3),
(276, 9780194277105, 'NETWORK 2: MISTO SPECIAL', 'SB&WB + MDB2.0 + AUDIO CD + ESPANSIONE ONLINE', 'RADLEY PAUL, , ', 2, 2, 2012, 27.60, 0, NULL, NULL, NULL, 600012, 3),
(277, 9788826816265, 'ANTOLOGIA LETTERARIA', 'POESIA E TEATRO', 'BARBERI SQUAROTTI GIORGIO, GREGO GIANNA, MILESI VALERIA', 1, 0, 2011, 13.00, 0, NULL, NULL, NULL, 268, 3),
(279, 9788824741729, 'FISICA PER IL NOSTRO FUTURO - EDIZIONE DIGIT', 'VOLUME UNICO + ME BOOK + CONTENUTI DIGITALI', 'RANDAZZO FRANCESCO, STROPPA PIERO, ', 1, 0, 2013, 18.80, 0, NULL, NULL, NULL, 4, 3),
(280, 9788880425588, 'PAROLE PER CREARE VOL. A IL MIO QUADERNO INVALSI', 'FONOLOGIA-MORFOLOGIA-SINTASSI', 'ARIETTI ELENA, PRANDI NADIA, ', 2, 1, 2011, 15.10, 0, NULL, NULL, NULL, 8042, 3),
(281, 9788853613769, 'RESEAUX', 'DANS LA CIVILISATION FRANCAISE ET FRANCOPHONE', 'FANARA A., NIELFI C., ', 1, 0, 2012, 14.50, 0, NULL, NULL, NULL, 800140, 3),
(282, 9788808066633, 'FERTIG, LOS! - VOL. 2 + 2 CD AUDIO', 'EIN LEHRWERK FUR DIE DEUTSCHE SPACHE', 'CATANI CESARINA, GREINER HERBERT, PEDRELLI ELENA', 2, 2, 2009, 32.00, 0, NULL, NULL, NULL, 8, 3),
(285, 9788880428244, 'ECONOMIA POLITICA 2', NULL, 'GILIBERT ALFREDO, INDELICATO A, RAINERO C', 1, 0, 2013, 25.50, 0, NULL, NULL, NULL, 8042, 3),
(286, 9788841865194, 'QUE'' ME CUENTAS DE NUEVO?', 'LIBRO DEL ALUMNO 1 Y CUADERNO DE EJERCICIOS + 2 CD', 'SANTOS MERCEDES, RAMOS CATALINA, SANTOS MARIA JOSE', 2, 1, 2011, 25.25, 0, NULL, NULL, NULL, 402, 3),
(287, 9788808088086, 'GRANDE DIZIONARIO DI SPAGNOLO - COFANETTO VOLUME + LICENZA ONLINE', 'DIZIONARIO SPAGNOLO ITALIANO ITALIANO SPAGNOLO', 'ARQUES COROMINAS ROSSEND, PADOAN ADRIANA, ', 1, 0, 2012, 74.50, 0, NULL, NULL, NULL, 8, 3);

--
-- Dump dei dati per la tabella `bsw_classroom`
--

INSERT INTO `bsw_classroom` (`id`, `school_id`, `class`, `section_class`, `course_id`) VALUES
(1, 1, 1, 'A', 5),
(2, 1, 2, 'A', 5),
(3, 1, 1, 'B', 5),
(4, 1, 2, 'B', 5),
(5, 1, 1, 'C', 5),
(6, 1, 2, 'C', 5),
(7, 1, 1, 'D', 5),
(8, 1, 2, 'D', 5),
(9, 1, 1, 'AT', 4),
(10, 1, 2, 'AT', 4),
(11, 1, 3, 'AT', 4),
(12, 1, 4, 'AT', 4),
(13, 1, 3, 'AFM', 5),
(14, 1, 4, 'AFM', 5),
(15, 1, 5, 'AFM', 5),
(16, 1, 3, 'ASIA', 6),
(17, 1, 4, 'ASIA', 6),
(18, 1, 5, 'AM', 2),
(19, 1, 3, 'BSIA', 6),
(20, 1, 4, 'BSIA', 6),
(21, 1, 5, 'BM', 2),
(22, 1, 5, 'CM', 2),
(23, 1, 3, 'ARIM', 7),
(24, 1, 4, 'ARIM', 7),
(25, 1, 5, 'AE', 3);

--
-- Dump dei dati per la tabella `bsw_condition`
--

INSERT INTO `bsw_condition` (`id`, `condition`) VALUES
(1, 'Ottime condizioni '),
(2, 'Buone condizioni'),
(3, 'Contiene appunti a matita'),
(4, 'Contiene evidenziature'),
(5, 'Contiene appunti a penna'),
(6, 'Cattive condizioni');

--
-- Dump dei dati per la tabella `bsw_course`
--

INSERT INTO `bsw_course` (`id`, `course`) VALUES
(1, 'IGEA'),
(2, 'MERCURIO'),
(3, 'ERICA'),
(4, 'TURISMO'),
(5, 'Amministrazione, Finanza e Marketing'),
(6, 'Sistemi Informativi Aziendali'),
(7, 'Relazioni Internazionali per il Marketing');

--
-- Dump dei dati per la tabella `bsw_print_type`
--

INSERT INTO `bsw_print_type` (`id`, `print_type`) VALUES
(1, 'Cartacea'),
(2, 'Interamente scaricabile + e-book'),
(3, 'Mista');

--
-- Dump dei dati per la tabella `bsw_publisher`
--

INSERT INTO `bsw_publisher` (`id`, `publisher`) VALUES
(38480, '7HILL'),
(7728, 'A & B'),
(4, 'A. MONDADORI SCUOLA'),
(8051, 'A.SIGNORELLI'),
(200556, 'A.V.E MINIMA ROMA'),
(902108, 'ABBIABBE EDIZIONI'),
(6551, 'ABEDITORE'),
(19031, 'ABIGAIL WHEATLEY'),
(8416, 'ABSCONDITA'),
(64440, 'ACADEMIA UNIVERSA PRESS'),
(200557, 'ACCADEMIA NAVALE LA SPEZIA'),
(87201, 'ACCORD FOR MUSIC'),
(17427, 'ACENTO'),
(935000, 'ACIMIT'),
(97438, 'ACTA MEDICA EDIZIONI'),
(200118, 'ACUSTICA CAMPI'),
(800110, 'ADDA MARIO EDITRICE'),
(200119, 'ADDISON-WESLEY ITALIA'),
(800095, 'ADELPHI'),
(200550, 'ADIS'),
(7118, 'ADNKRONOS LIBRI'),
(200551, 'AEB BRESCIA'),
(284259, 'AEDIS EDITIONS'),
(200568, 'AEREO CLUB FORLI'''),
(200552, 'AERODINA'),
(200553, 'AESSE'),
(87914, 'AFERRARI EDIZIONI'),
(328, 'AG EDIZIONI'),
(87647, 'AGENZIA LIBRARIA EDITRICE'),
(200499, 'AGNESOTTI'),
(904074, 'AGORÀ (BELPASSO)'),
(88422, 'AGORA'' LIBRERIA EDITRICE'),
(200100, 'AGORA''EDIZIONI SCOLASTICHE'),
(950000, 'AGOSTINI DANTE'),
(200498, 'AIACE ROMA'),
(800236, 'AIM - ASS.ITALIANA METALLURGIA'),
(200569, 'AIROLDI'),
(8916, 'AIRONE'),
(900023, 'AKADEMON'),
(200559, 'AKRON'),
(95900, 'ALA EDITRICE, MILANO'),
(89265, 'ALBATROS'),
(89752, 'ALBATROS - POMIGLIANO D''ARCO'),
(200600, 'ALBERTI & C.'),
(7245, 'ALBERTI LIBRARIO EDITORE'),
(891306, 'ALBOVERSORIO'),
(96099, 'ALBUS EDIZIONI'),
(200601, 'ALEPH EDITRICE'),
(200603, 'ALFA EDIZIONI'),
(930128, 'ALFAGUARA'),
(7188, 'ALFREDO GUIDA EDITORE'),
(800047, 'ALIANZA'),
(88513, 'ALICE EDIZIONI'),
(200562, 'ALINEA FIRENZE'),
(200604, 'ALISERVICE ITALIANA'),
(700021, 'ALLEMANDI & C. UMBERTO'),
(86440, 'ALMA EDIZIONI'),
(483, 'ALPHA TEST'),
(960000, 'ALPHONSE LEDUC PARIS'),
(6281, 'ALTROMONDO EDITORE'),
(200165, 'ALZANI'),
(200120, 'AM&D CAGLIARI'),
(88083, 'AMALTEA EDIZIONI'),
(200563, 'ANABASI'),
(800046, 'ANAGRAMA'),
(200564, 'ANALISI BOLOGNA'),
(7325, 'ANANKE EDIZIONI'),
(800045, 'ANAYA'),
(800054, 'ANCORA'),
(315, 'ANDROMEDA'),
(7346, 'ANICIA'),
(200567, 'ANTARES URSINI'),
(88455, 'ANTENORE'),
(89220, 'ANTONIO DELLISANTI EDITORE'),
(700013, 'ANTONIO ESPOSITO EDIZIONI'),
(200270, 'ANTONIO VALLARDI EDITORE'),
(200891, 'APE EDIZIONI'),
(960663, 'APEIRON EDITORE'),
(800170, 'APOGEO'),
(200129, 'ARACNE EDITRICE S.R.L.'),
(7952, 'ARCHIMEDE EDIZIONI'),
(7695, 'ARCIPELAGO EDIZIONI'),
(6072, 'ARDEA - TREDIECI EDITORI'),
(327, 'ARDEA EDITRICE'),
(6354, 'ARDUINO SACCO EDITORE'),
(3401, 'ARENA'),
(200621, 'ARES'),
(200622, 'ARGO LECCE'),
(800044, 'ARIEL'),
(200130, 'ARKA MILANO'),
(7144, 'ARMANDO EDITORE'),
(7442, 'ARMANDO SICILIANO EDITORE'),
(95738, 'ARMELIN MUSICA'),
(96557, 'ARMENIO EDITORE SRL'),
(400000, 'ARNOLDO MONDADORI (VARIA-OSCAR'),
(87663, 'ARNONE'),
(97, 'ARS MEDICA (LEGNANO)'),
(200378, 'ARTE GRAFICA'),
(9671, 'ARTEBARIA EDIZIONI'),
(88743, 'ARTI GRAFICHE EDIZIONI'),
(88102, 'ARTI GRAFICHE LA REGIONE S.R.L'),
(901986, 'ARTI GRAFICHE MALATESTA'),
(930030, 'ARTI POLIGRAFICHE EUROPEE'),
(87840, 'ASCONTEX EDITORIALE'),
(840000, 'ASIS ONLUS EDITRICE'),
(76060, 'ASS CULTURALE IL FOGLIO'),
(63281, 'ASS. AKKUARIA'),
(86968, 'ASSIMIL ITALIA'),
(567420, 'ASSOCIAZIONE ALBATROS'),
(970000, 'ASSOCIAZIONE ECOFILOSOFICA AEF'),
(200662, 'ASTROLABIO'),
(800447, 'ATC COMO'),
(200623, 'ATENA ROMA'),
(200625, 'ATHENA ROMA'),
(920003, 'ATHESIA BOZEN'),
(920000, 'ATLANTIC EUROPE PUBLISHING CO'),
(268, 'ATLAS'),
(86350, 'AUDINO EDITORE'),
(3403, 'AUER VERLAG'),
(200624, 'AUGUSTINUS'),
(200626, 'AUSILIO'),
(200267, 'AVAGLIANO'),
(86817, 'AVENUE MEDIA'),
(200628, 'AVIA BOOKS TORINO'),
(8144, 'AVIA PERVIA'),
(200268, 'AVIO LIBRI'),
(904701, 'AVR'),
(424, 'B.MONDADORI'),
(87397, 'BACCHETTA'),
(200591, 'BALDINI & CASTOLDI'),
(6620, 'BALDINI CASTOLDI DALAI EDITORE'),
(890000, 'BANCARELLA AERONAUTICA'),
(920004, 'BARBARO'),
(7899, 'BARBERA'),
(800082, 'BARRON''S'),
(200592, 'BASKERVILLE BOLOGNA'),
(200545, 'BASTOGI FOGGIA'),
(2747, 'BAYARD JEUNESSE'),
(800134, 'BAYERISCHER SCHULBUCH VERLAG'),
(6404, 'BBN EDITORE'),
(8527, 'BCM'),
(98466, 'BECARELLI'),
(73010, 'BEIJING UNIVERSITY PRESS'),
(331, 'BELIN'),
(200279, 'BELLAFIORE'),
(903506, 'BELLEROFONTE EDITORE'),
(300190, 'BEMA'),
(800436, 'BERBEN EDIZIONI MUSICALI'),
(3468, 'BERLITZ PUBLISHING'),
(800002, 'BERTELLO'),
(800135, 'BERTELSMANN LEXIKON'),
(497, 'BESA - NARDO'''),
(89921, 'BIANCOENERO'),
(373, 'BIB.FRANCESE'),
(6318, 'BIBLIOTECA DI FEDERICO'),
(800043, 'BIBLOGRAF'),
(800093, 'BIGNAMI'),
(902529, 'BILDUNGSVERLAG EINS GMBH'),
(900061, 'BILLAUDOT'),
(200497, 'BIOS'),
(140512, 'BLACKWELL PUBLISHING'),
(888629, 'BLOOMSBURY'),
(200996, 'BM ROMA'),
(800005, 'BOCCHI EDITRICE'),
(339, 'BOLLATI BORINGHIERI'),
(320, 'BOMPIANI PER LA SCUOLA'),
(452, 'BOMPIANI VARIA (CLASSICI)'),
(800003, 'BONACCI EDITORE'),
(77963, 'BONANNO'),
(910749, 'BONECHI'),
(200495, 'BONGIOVANNI BOLOGNA'),
(252124, 'BOOKET'),
(6595, 'BOOKSPRINT EDIZIONI'),
(86223, 'BOOPEN EDITORE'),
(34030, 'BOOSEY & HAWKES'),
(600004, 'BORDAS'),
(800115, 'BORLA'),
(7493, 'BOROLI EDITORE'),
(700011, 'BOSA'),
(369, 'BOVOLENTA'),
(200541, 'BOZZI LIBRERIA'),
(200145, 'BRACCHI'),
(37003, 'BRAUMÜLLER WIEN'),
(900001, 'BREITKOPF & HÄRTEL'),
(200522, 'BRENNER COSENZA'),
(800152, 'BRIDGE'),
(905248, 'BROOKEMEAD ELT'),
(800004, 'BROTTO S.N.C.'),
(910152, 'BUFFETTI'),
(234, 'BULGARINI'),
(910781, 'BULZONI'),
(920010, 'BURLINGTON BOOKS'),
(900999, 'BVL'),
(800019, 'C.P.E.'),
(8729, 'C.R.T. CASA EDITRICE'),
(7574, 'CALABRIA LETTERARIA'),
(930127, 'CALANCA'),
(7019, 'CALDERINI'),
(800006, 'CALOSCI'),
(86533, 'CALZETTI MARIUCCI'),
(600003, 'CAMBRIDGE UNIVERSITY PRESS'),
(7635, 'CAMER BOOKS'),
(88384, 'CAMMARATA EDITORE'),
(200206, 'CAMPANOTTO UDINE'),
(800298, 'CAMUNIA MILANO'),
(85066, 'CANOVA EDIZ.SCUOLA E CULTURA'),
(902487, 'CANTAGALLI EDIZIONI'),
(901954, 'CAPODARCO FERMANO'),
(800272, 'CAPONE - TORINO'),
(800104, 'CAPPELLI EDITORE'),
(200207, 'CAPUANO L. CAVALLINO'),
(200202, 'CARAMANICA LATINA'),
(200205, 'CARCAVALLO'),
(200203, 'CARISCH'),
(434, 'CARLO SIGNORELLI EDITORE'),
(200880, 'CAROCCI'),
(200871, 'CARRA EDITRICE SAS'),
(200155, 'CARROCCIO'),
(95443, 'CARTHUSIA'),
(9004, 'CARTOLIBRERIA SNOOPY'),
(200367, 'CASA DEL GIOVANE'),
(901031, 'CASA EDITRI. LEONARDO DA VINCI'),
(90132, 'CASA EDITRICE FUMAROLA EDITORE'),
(96585, 'CASA EDITRICE GAETA'),
(85073, 'CASA EDITRICE MAZZIANA, VERONA'),
(200198, 'CASA EDITRICE PALOMAR'),
(800116, 'CASA MUSICALE EDIZIONI CARRARA'),
(311, 'CASANOVA EDITORE'),
(200802, 'CASSELL'),
(800042, 'CASTALIA'),
(200189, 'CASTELLO CAGLIARI'),
(800041, 'CATEDRA'),
(901570, 'CAVINATO EDITORE'),
(800471, 'CAVOUR EDIZIONI FIRENZE'),
(800119, 'CEA CASA EDITRICE AMBROSIANA'),
(930027, 'CED FIRENZE'),
(13, 'CEDAM'),
(920169, 'CEDIM'),
(200188, 'CEDIT'),
(432, 'CEI COMITATO ELETTROTECNICO IT'),
(200771, 'CEL GORLE'),
(800500, 'CELTIC PUBLISHING'),
(901861, 'CENTRO INIZIATIVE CULTURALI'),
(95455, 'CENTRO MINERVA EDIZIONI'),
(710000, 'CENTROCOT'),
(201001, 'CETEM'),
(920933, 'CETIM'),
(800009, 'CHAMBERS CASA EDITRICE'),
(800199, 'CHIARA LUCE'),
(6190, 'CHIARELETTERE'),
(200115, 'CHIRIOTTI TORINO'),
(800129, 'CHOUETTE EDITIONS'),
(7754, 'CIDEB'),
(800174, 'CIERRE EDIZIONI'),
(800097, 'CIRANNA & FERRARA'),
(15871, 'CISCO PRESS'),
(7351, 'CITTÀ DEL SOLE'),
(8137, 'CITTA'' APERTA EDIZIONI'),
(800014, 'CITTA'' NUOVA'),
(800015, 'CITTA'' STUDI'),
(88948, 'CITTACALABRIA EDIZIONI'),
(200117, 'CITTADELLA EDITRICE'),
(200116, 'CLAUDIANA TORINO'),
(600005, 'CLE INTERNATIONAL'),
(462000, 'CLE INTERNATIONAL - CIDEB'),
(910073, 'CLIO'),
(800020, 'CLITT'),
(8796, 'CLUA EDIZIONI'),
(800016, 'CLUEB'),
(800209, 'CLUEP COOP.UNIV.PADOVA'),
(8344, 'CLUPGUIDE'),
(200187, 'CLUT TORINO'),
(8080, 'CNR-SERVIZIO PUBBLICAZIONI'),
(200271, 'COESSE'),
(800040, 'COLEGIO DE ESPANA'),
(800102, 'COLLINS - COBUILD'),
(726, 'COLLINS EDUCATIONAL'),
(800127, 'COLONNA EDIZIONI'),
(87501, 'COLONNESE EDITORE'),
(85322, 'COMPOSITORI'),
(87449, 'COMUNICA'),
(7107, 'CONFUCIUS INSTITUTE'),
(200901, 'CONGEDO'),
(800274, 'CONSULTA EDIZIONI'),
(800017, 'CONTE F.LLI'),
(900261, 'CONTEMPONET'),
(902424, 'COOPERATIVA I CALIRI A R.L.'),
(18414, 'COORDINATION GROUP PUBLIC. LTD'),
(87432, 'COPPOLA EDITORE'),
(304, 'CORNELSEN'),
(200211, 'CORTINA RAFFAELLO'),
(516, 'COSMO IANNONE EDITORE'),
(800059, 'COSMO MARINELLI'),
(7083, 'CREMONESE'),
(89078, 'CRISTIAN LUCISANO EDITORE'),
(800064, 'CRITICA'),
(200200, 'CUECM COOPERATIVA UNIVERSITARI'),
(7146, 'CUEN'),
(200215, 'CULTURA DELLA PACE 2000'),
(800018, 'CUPIDO'),
(920009, 'CURCI'),
(200176, 'CURCIO ARMANDO'),
(200209, 'CUSL'),
(87998, 'CUZZOLIN EDITORE'),
(300007, 'D''ANNA'),
(200226, 'D''INCECCO'),
(800132, 'D.T.V. WELTANSCH DEUTSCHER TAS'),
(200140, 'DADO''SVIZZERA'),
(6073, 'DALAI EDITORE'),
(97809, 'DAMI EDITORE'),
(7889, 'DANIELA PIAZZA EDITORE'),
(800021, 'DANILO NAPOLI S.A.S.'),
(300001, 'DANTE ALIGHIERI'),
(800154, 'DAPHNE PADOVA'),
(800103, 'DARIO FLACCOVIO EDITORE S.R.L.'),
(87870, 'DARIO MORANO EDITORE'),
(200141, 'DATANEWS'),
(200194, 'DATTENA CAGLIARI'),
(402, 'DE AGOSTINI'),
(28041, 'DE BOECK UNIVERSITE'''),
(18959, 'DE BORSILLO'),
(7172, 'DE FERRARI - GENOVA'),
(700006, 'DE HASKE CASA EDITRICE'),
(910014, 'DE LUCA & C.'),
(800234, 'DE VECCHI MILANO'),
(8667, 'DE.MA'),
(200133, 'DEDALO BARI'),
(800022, 'DEL BIANCO EDITORE S.R.L.'),
(200235, 'DEL CERRO EDIZIONI'),
(900820, 'DEL GALLO'),
(700020, 'DEL GRIFO - CATANIA'),
(200345, 'DEL NOCE EDIZIONE'),
(200347, 'DEL PALAZZO EDIZIONE'),
(220000, 'DELAGRAVE'),
(7287, 'DELFINO ANTONIO EDITORE'),
(800215, 'DELFINO CARLO SASSARI'),
(910656, 'DELLA SANTA'),
(89372, 'DELTA 3 EDIZIONI'),
(905085, 'DELTA PUBLISHING'),
(800065, 'DESTINO'),
(200113, 'DEZELNI SOLSKI URAD'),
(200196, 'DI BAIO MILANO'),
(87778, 'DI GIROLAMO'),
(200223, 'DI MAURO'),
(800023, 'DI PIERO  EDITORE'),
(8323, 'DI RENZO EDITORE'),
(800024, 'DI STEFANO'),
(900002, 'DI VINCENZO EDITORE'),
(905642, 'DIDASCA'),
(600023, 'DIDATTICA CAMOZZI'),
(2278, 'DIDIER'),
(600015, 'DIESTERWEG SAURLANDER'),
(600021, 'DIFUSION'),
(630000, 'DIOGENES VERLAG AG,SWITZERLAND'),
(88082, 'DIPLE FIRENZE'),
(9543, 'DISCANTI'),
(203583, 'DISTRIBOOKS'),
(200197, 'DONZELLI ROMA'),
(308, 'DORLING KINDERSLEY'),
(37055, 'DORNER-VERLAG'),
(800080, 'DOVER'),
(310, 'DTP STUDIO EDITRICE'),
(342375, 'DTV JUNIOR'),
(34236, 'DTV VERLAG'),
(800012, 'DUCULOT CASA EDITRICE'),
(800136, 'DUDEN'),
(900263, 'DUNOD'),
(910201, 'DURR + KESSLER'),
(900033, 'DYONON'),
(600231, 'DZS, ZALOZNISTVO IN TRGOVINA'),
(200321, 'DZS-LJ LUBIANA'),
(200282, 'E.N.A.'),
(95055, 'E.S.A.'),
(800027, 'E.T.S PISA'),
(98383, 'EBOOK EDITORE'),
(800241, 'ECIG GENOVA'),
(2110, 'ECOLE DES LOISIRS'),
(200823, 'ECUMENICA'),
(850000, 'ED. HÖLZEL, WIEN'),
(206, 'EDAGRICOLE'),
(200876, 'EDAS'),
(200143, 'EDAV'),
(800092, 'EDB EDIZ.DEHONIANE BO (CED)'),
(800067, 'EDELSA'),
(321, 'EDEST'),
(800026, 'EDI ERMES'),
(800001, 'EDI SCUOLA CASTROLIBERO'),
(200971, 'EDI-LOMBARDO'),
(88659, 'EDIARGO'),
(8474, 'EDICART'),
(6539, 'EDIDUE'),
(230, 'EDIESSE'),
(888741, 'EDIMEDIA'),
(978500, 'EDIMOND'),
(200212, 'EDINUMEN EDITORIAL'),
(88156, 'EDIPAN (GRAFICHE PANICO)'),
(930029, 'EDIPUGLIA'),
(300009, 'EDISCO'),
(6571, 'EDISEF'),
(910176, 'EDISES'),
(800207, 'EDISUD'),
(901254, 'EDIT.MEMORIA'),
(22640, 'EDITEUR 10/18'),
(920018, 'EDITIONS FLEURUS'),
(2244, 'EDITIONS LITO'),
(900003, 'EDITIONS MAISON'),
(235685, 'EDITIONS MAISON DES LANGUES'),
(999315, 'EDITIONS SEDRAP'),
(999555, 'EDITORE NON DEFINITO'),
(800025, 'EDITORI RIUNITI'),
(300002, 'EDITORIALE DELFINO'),
(200111, 'EDITORIALE ITALIANA'),
(200184, 'EDITORIALE PROGETTO 2000 CS'),
(6342, 'EDITORIALE SCIENTIFICA'),
(200813, 'EDITORIALE SCIENZA TRIESTE'),
(901428, 'EDITRICE B.O.S. NUOVE IDEE'),
(900051, 'EDITRICE CINETECNICA'),
(89094, 'EDITRICE DOMENICANA ITALIANA'),
(87396, 'EDITRICE FCF D.M.I.'),
(6102, 'EDITRICE GORIZIANA'),
(200161, 'EDITRICE LIBRERIA "AURORA"'),
(900042, 'EDITRICE MORASHA'''),
(8388, 'EDITRICE TREDIECI'),
(200803, 'EDIZ. ACCADEMIA VIVARIUM NOVUM'),
(7673, 'EDIZ. MULTIMEDIALI'),
(800143, 'EDIZIONE LIBERA (A SCELTA)'),
(902479, 'EDIZIONI AL MUSEO'),
(899432, 'EDIZIONI ARIANNA'),
(7879, 'EDIZIONI ART'),
(85832, 'EDIZIONI BECCOGIALLO'),
(87958, 'EDIZIONI CARLO AMORE'),
(89841, 'EDIZIONI CREATIVA'),
(8457, 'EDIZIONI DEL BORGO'),
(87350, 'EDIZIONI DEL DELFINO'),
(920078, 'EDIZIONI DEL GALLO CEDRONE'),
(800214, 'EDIZIONI DEL GOLFO'),
(7314, 'EDIZIONI DEL LEONE'),
(700016, 'EDIZIONI DEL POGGIO'),
(300016, 'EDIZIONI DEL QUADRIFOGLIO'),
(87514, 'EDIZIONI DEL ROSONE'),
(200496, 'EDIZIONI DELL''ATENEO ROMA'),
(200555, 'EDIZIONI DI AR (PADOVA)'),
(322, 'EDIZIONI DIDASKO'),
(800201, 'EDIZIONI DUEMME'),
(7641, 'EDIZIONI E/O'),
(960662, 'EDIZIONI EDILINGUA'),
(4772, 'EDIZIONI EL'),
(96777, 'EDIZIONI ERRE'),
(95599, 'EDIZIONI ESSENZIALI'),
(357, 'EDIZIONI GOLD'),
(88171, 'EDIZIONI GOLIARDICHE'),
(300, 'EDIZIONI IL RUBINO S.R.L.'),
(8434, 'EDIZIONI JUNIOR'),
(90405, 'EDIZIONI LA ROCCA'),
(901483, 'EDIZIONI LACO'),
(89581, 'EDIZIONI LAI MOMO'),
(900120, 'EDIZIONI LETTURE CLASSICHE'),
(6402, 'EDIZIONI LIBRERIA CROCE - ROMA'),
(800239, 'EDIZIONI MAURIZIO LALA'),
(89606, 'EDIZIONI NAUSICA'),
(700201, 'EDIZIONI NAUTICHE GUGLIELMI'),
(902129, 'EDIZIONI NEWCAD'),
(90080, 'EDIZIONI NOITRE'''),
(7229, 'EDIZIONI OCD'),
(901064, 'EDIZIONI PEDAGOGICHE TRE'),
(906835, 'EDIZIONI PROTAGORA SRL'),
(902497, 'EDIZIONI PSICOLOGIA'),
(89845, 'EDIZIONI PSICONLINE'),
(8348, 'EDIZIONI PUGLIESI'),
(910650, 'EDIZIONI S.M.C.'),
(800446, 'EDIZIONI SCIENTIFICHE ITALIANE'),
(900400, 'EDIZIONI SETTICLAVIO'),
(89756, 'EDIZIONI SOLFANELLI'),
(903440, 'EDIZIONI SUNTEK'),
(89905, 'EDIZIONI TAGETE'),
(96123, 'EDIZIONI VIA LAURA'),
(89071, 'EDIZIONI VIDA'),
(7263, 'EDIZIONI VIVERE IN'),
(800278, 'EDT EDIZIONI DIDATTICHE TO'),
(8311, 'EDUCATT UNIVERSITÀ CATTOLICA'),
(8421, 'EDUP'),
(910878, 'EDYWORD BATTIPAGLIA'),
(7402, 'EFFATÀ'),
(76705, 'EGA EDITORE'),
(8482, 'EGAF - FORLI'''),
(350511, 'EGMONT FRANZ SCHNEIDER VERLAG'),
(200128, 'EIDOS LONGOBARDI EDITORE'),
(600000, 'EINAUDI GIULIO EDITORE'),
(7926, 'EINAUDI RAGAZZI'),
(6, 'EINAUDI SCUOLA'),
(477, 'EL EDIZIONI'),
(370, 'ELECTA'),
(6308, 'ELECTA SCUOLA'),
(800168, 'ELETTRA FILM'),
(85861, 'ELEUTHERA'),
(800140, 'ELI'),
(1, 'ELLE DI CI'),
(800193, 'ELLE E.'),
(97827, 'ELLEDUE EDIZIONI'),
(300300, 'ELLEPIESSE EDIZIONI'),
(201002, 'ELMEDI'),
(800000, 'ELSA DI MAMBRO'),
(800155, 'ELVETIA VENEZIA'),
(201004, 'EMI EDIT. MISSIONARIA ITALIANA'),
(7927, 'EMME EDIZIONI'),
(89999, 'EMMEBI EDIZIONI'),
(420, 'EMMERRE LIBRI'),
(800761, 'EN CLAVE-ELE'),
(200148, 'ENEA FUNZIONE CENTRALE RELAZ.'),
(72721, 'ENNE'),
(90143, 'ENOVITIS'),
(910020, 'ENRICO CARUSO TIPOGRAFIA'),
(600251, 'ENWARE'),
(6310, 'EPC SRL'),
(500030, 'ERI-RAI'),
(800456, 'ERICKSON'),
(500012, 'ERIDIANA - MANTOVA'),
(87687, 'ERMES POTENZA'),
(901274, 'ERRECIEDIZIONI'),
(910677, 'ESA'),
(800463, 'ESAC EDIZIONE SC. A.CREMONESE'),
(433, 'ESAGONO'),
(200126, 'ESCULAPIO BOLOGNA'),
(7094, 'ESD-EDIZIONI STUDIO DOMENICANO'),
(800066, 'ESPASA CALPE'),
(902481, 'ESSEDITRICE'),
(90114, 'ESTERO SALVATORE EDITORE'),
(319, 'ETAS SCUOLA'),
(90, 'ETAS VARIA'),
(904606, 'ETET EDIZIONI  S.R.L.'),
(200173, 'ETI'),
(800173, 'ETIK'),
(923332, 'ETM'),
(780000, 'ETS'),
(800028, 'EURELLE'),
(800555, 'EUROMA LA GOLIARDICA'),
(8627, 'EUROPA E SCIENZE UMANE'),
(920935, 'EUROPASS'),
(200127, 'EUROPEAN BOOK SPA'),
(2210, 'EUROPEAN SCHOOLBOOKS'),
(96731, 'EVENTI SCUOLA'),
(84241, 'EVEREST'),
(920515, 'EVERYMAN LIBRARY'),
(500022, 'EXA'),
(7403, 'EXA MEDIA'),
(87762, 'EXCOGITA EDITORE'),
(700000, 'EXPRESS PUBL.DISTRIBUZ GIUNTI'),
(200763, 'EXPRESS PUBLISHING'),
(95681, 'EXTREMATHULE CASA EDITRICE'),
(6456, 'F.P.E. FRANCO PANCALLO EDITORE'),
(450, 'FABBRI SCUOLA'),
(451, 'FABBRI VARIA (ROMANZI)'),
(306, 'FABER & FABER'),
(87333, 'FABIANO EDITORE'),
(332, 'FABIO ANCONA (NAPOLI)'),
(600252, 'FAENZA EDITRICE'),
(8233, 'FAG EDIZIONI'),
(89848, 'FALCO EDITORE'),
(200280, 'FALZEA EDITORE'),
(347, 'FANUCCI'),
(896939, 'FASI DI  LUNA'),
(8222, 'FATATRAC'),
(8112, 'FAZI EDITORE'),
(800029, 'FEDERICO & ARDIA'),
(887699, 'FEERIA - COMUNITÀ DI SAN LEOLI'),
(7, 'FELTRINELLI'),
(800156, 'FENICE MONTESPERTOLI'),
(900929, 'FERMENTO'),
(87433, 'FERNANDEL'),
(95834, 'FERRARI'),
(7271, 'FERRARO (FERRARO FRATELLI)'),
(8818, 'FERV'),
(800256, 'FIORENTINO NAPOLI'),
(700023, 'FISCHER'),
(8974, 'FIVESTORE'),
(600018, 'FLAMMARION'),
(2215, 'FLEURUS'),
(20097, 'FLORIO NAPOLI'),
(95482, 'FOGLI VOLANTI EDIZIONI SRL'),
(700010, 'FOLIO'),
(200168, 'FORNARI'),
(905031, 'FRAMMENTI EDIZIONI'),
(800094, 'FRANCO ANGELI'),
(7667, 'FRANCO CESATI EDITORE'),
(7413, 'FRANCO MUZZIO EDITORE'),
(800212, 'FRANCO MUZZIO PADOVA'),
(200219, 'FRASSINELLI'),
(700036, 'FRATELLI CORRADIN EDITORE'),
(87923, 'FRILLI'),
(252307, 'FUNDACION ANTONIO NEBRIJA'),
(95163, 'FUSTA'),
(6099, 'GABRIELLI EDITORI'),
(89945, 'GAGLIOTTA S. EDITORE'),
(9011, 'GAIA'),
(910170, 'GALILEO'),
(600019, 'GALLIMARD EDITIONS'),
(800030, 'GALLINA'),
(88379, 'GALLO & CALZATI'),
(800111, 'GALZERANO'),
(800210, 'GANGEMI'),
(8618, 'GARAMOND'),
(921166, 'GARBIN'),
(700012, 'GARNIER FLAMMARION'),
(490000, 'GARZANTI LIBRI'),
(480, 'GARZANTI LINGUISTICA'),
(11, 'GARZANTI SCUOLA'),
(200178, 'GASPARI'),
(200216, 'GASPARINI'),
(96611, 'GAUDIO EDITORE'),
(920930, 'GEM S.R.L.'),
(800271, 'GENOMA'),
(200090, 'GEORGIAN PRESS'),
(900055, 'GERARD BILLAUDOT EDITEUR'),
(200217, 'GESP EDITRICE'),
(200218, 'GESTO'),
(900900, 'GG VERLAGSGES'),
(87294, 'GGALLERY'),
(95857, 'GHENOMENA'),
(8013, 'GHISETTI & CORVI EDITORI'),
(86124, 'GIANNINO STOPPANI EDIZIONI'),
(200170, 'GIAPPICHELLI'),
(910202, 'GILDE BUCHHANDLUNG'),
(800109, 'GIOIOSA EDITRICE'),
(500320, 'GIOVANNACCI'),
(900975, 'GIRAMONDO LIBRI'),
(800032, 'GIUFFRE'''),
(313, 'GIUNTI DEMETRA'),
(9, 'GIUNTI SCUOLA'),
(800157, 'GIUSTI FIRENZE'),
(8553, 'GLOBE'),
(881710, 'GOLIARDICA EDITRICE SRL'),
(200174, 'GOLIARDICA PAVESE LA'),
(86277, 'GOODMOOD'),
(96680, 'GRAFICAELETTRONICA'),
(200172, 'GRAFICHE GIOJA'),
(200175, 'GRAFICHE P2 VERONA'),
(200171, 'GRAFIGAM VIBO V.'),
(64370, 'GRAPHISOFT'),
(8346, 'GRAUS EDITORE SRL'),
(904726, 'GRB IMOLA 2010'),
(920031, 'GRECO EDIZIONI'),
(800068, 'GREDOS'),
(350000, 'GREENTIME'),
(800033, 'GREMESE ERNESTO'),
(800205, 'GRIBAUDI'),
(89904, 'GRILLI EDITORE'),
(84233, 'GRUPO PLANETA'),
(56740, 'GRUPPO ALBATROS IL FILO'),
(300000, 'GRUPPO CULTURALE F. GUARINI'),
(920928, 'GRUPPO D''ADAMO'),
(900000, 'GRUPPO EDITORIALE MURSIA'),
(800146, 'GUERINI E ASSOCIATI'),
(7715, 'GUERRA EDIZIONI'),
(7554, 'GUTENBERG EDIZIONI'),
(89672, 'H.E.- HERALD EDITORE'),
(600009, 'HACHETTE - DISTR. RCS'),
(2011, 'HACHETTE EDUCATION - FRANCE'),
(37957, 'HAL LEONARD CORP'),
(3446, 'HANSER'),
(410000, 'HARCOURT COLLEGE PUBLISHERS'),
(600401, 'HARMONY FALLS'),
(200666, 'HARPER COLLINS'),
(600001, 'HATIER'),
(95595, 'HBI EDIZIONI'),
(43535, 'HEINEMANN'),
(600301, 'HEINLE ELT (THOMSON ELT)'),
(902504, 'HELBLING LANGUAGES'),
(385061, 'HELBLING VERLAG'),
(88075, 'HELVETIA'),
(700203, 'HEMMA'),
(6428, 'HERALDE EDITORE'),
(800034, 'HERBITA'),
(200214, 'HERDER'),
(900035, 'HEUGEL & CIE'),
(95796, 'HOBO EDITORE'),
(930000, 'HODDER EDUCATION'),
(3215, 'HOELZEL ED. VERLAG'),
(203, 'HOEPLI'),
(600008, 'HUEBER'),
(7350, 'I FIORI DI CAMPO'),
(351, 'I SAPERI EDITRICE'),
(500050, 'I.P.O. CASA EDITRICE'),
(89563, 'IALWEB'),
(88302, 'IANIERI'),
(512, 'IBISKOS EDITRICE'),
(800251, 'IBN EDITORE'),
(800148, 'IDEA BOOK'),
(911085, 'IDEA LIBRI'),
(910619, 'IDELSON'),
(87935, 'IIRITI'),
(200156, 'IKON'),
(89363, 'IL CALEIDOSCOPIO'),
(426, 'IL CAPITELLO'),
(800147, 'IL CASTELLO'),
(8033, 'IL CASTORO'),
(95503, 'IL CONVIVIO'),
(200164, 'IL COSCILE'),
(7842, 'IL FILO'),
(800036, 'IL GIRASOLE'),
(200169, 'IL LIEVITO'),
(200154, 'IL LUNARIO'),
(6089, 'IL MARGINE'),
(6111, 'IL MELOGRANO EDITORE'),
(90721, 'IL MELOGRANO EDIZIONI MUSICALI'),
(901427, 'IL MEZZOGIORNO'),
(800098, 'IL MULINO'),
(7018, 'IL NUOVO MELANGOLO'),
(200163, 'IL PENSIERO SCIENTIFICO'),
(200160, 'IL PORTICO'),
(87324, 'IL POZZO DI GIACOBBE'),
(200157, 'IL PUNGOLO'),
(314, 'IL PUNTO EDITORIALE - ROMA'),
(7365, 'IL ROSTRO'),
(800117, 'IL SAGGIATORE'),
(800331, 'IL SALICE POTENZA'),
(506, 'IL SOLE 24 ORE EDAGRICOLE'),
(88324, 'IL SOLE 24 ORE PIROLA'),
(7704, 'ILA-PALMA'),
(600256, 'IMMEDIA DISTRIBUZ. PRINCIPATO'),
(200298, 'IMMEDIA EDITRICE'),
(87409, 'IMPRESSIONI GRAFICHE'),
(200162, 'IMPRIMERIE VALDOTAINE AOSTA'),
(87, 'IMPRIMITUR'),
(200285, 'INCONTRI LIBRERIA EDIZIONI'),
(85986, 'INCONTRI NAUTICI'),
(7037, 'INEDITION EDITRICE'),
(200159, 'INSIEME'),
(920931, 'INTER LOGOS S.R.L'),
(910588, 'INTER ORBIS'),
(473, 'INTERFORUM EDITIS'),
(900458, 'INTERSEZIONI'),
(902469, 'INWARE'),
(800120, 'ISEAT'),
(910816, 'ISEDI'),
(8532, 'ISIAO'),
(800037, 'ISIM'),
(901118, 'IST. DEL COLORE'),
(8147, 'IST. EDITORIALI E POLIGRAFICI'),
(86137, 'IST. PEDAGOGICH LADIN'),
(700005, 'IST.BELLUNESE RIC. E SOC.'),
(200284, 'IST.POLIGRAFICO ZECCA STATO'),
(200158, 'ISTAR EDITRICE'),
(800442, 'ISTITUTO EDIT. MERIDIONALE'),
(800198, 'ISTITUTO IDROGRAFICO MARINA'),
(905957, 'ISTITUTO IT. PER STUD. FILOSOF'),
(800183, 'ISTITUTO ITAL.ARTI GRAFICHE'),
(700202, 'ISTRA'),
(372, 'ITACALIBRI'),
(800099, 'ITALIBRI'),
(95997, 'IUPPITER EDIZIONI'),
(980000, 'IVO HAAS LEHRMITTELVERSAND'),
(800038, 'JACA BOOK'),
(300008, 'JANUS'),
(800106, 'JAPADRE L.U. EDITORE'),
(27096, 'JC LATTES'),
(48000, 'JOHN MURRAY PUBLISHERS'),
(600250, 'JOHN WILEY & SONS'),
(18441, 'JOLLY LEARNING LTD'),
(97837, 'JONATHAN EDIZIONI'),
(200151, 'JOPPOLO'),
(8617, 'JOY BOOK'),
(200283, 'JUCULANO PAVIA'),
(300010, 'JUVENILIA'),
(97473, 'KADMO'),
(88867, 'KALEIDON'),
(89224, 'KALÓS'),
(910512, 'KAPPA'),
(900663, 'KEYBOOKS'),
(6096, 'KIMERIK'),
(200671, 'KIWI'),
(95235, 'KLEE BOOK'),
(600014, 'KLETT'),
(8823, 'KLIPPER EDIZIONI'),
(98162, 'KOALA'),
(25020, 'KONEMAN'),
(8840, 'L''ALMANACCO EDITORE'),
(886598, 'L''ATENEO DUE'),
(910088, 'L''AUTORE LIBRI FIRENZE'),
(7220, 'L''INFORMATORE AGRARIO'),
(356, 'L''ISOLA DEI RAGAZZI'),
(87466, 'L''ORIENTALE EDITRICE'),
(200296, 'L''OROLOGIO LIBRERIA ROMA'),
(200092, 'L. & L. EDITORI'),
(2606, 'L.E.P. LOISIRS ET PÉDAGOGIE'),
(87699, 'LA CITTA'' IDEALE'),
(700002, 'LA CITTADELLA ASSISI'),
(800178, 'LA FENICE AVELLINO'),
(423, 'LA GINESTRA EDITRICE'),
(800231, 'LA GIUNTINA'),
(288253, 'LA JOIE DE LIRE'),
(96052, 'LA LEPRE EDIZIONI'),
(916788, 'LA LIBRAIRIE DES ECOLES'),
(800108, 'LA LINEA - PRINCIPATO'),
(8439, 'LA LINEA EDITRICE'),
(89822, 'LA LONTRA'),
(200135, 'LA LUNA PALERMO'),
(923331, 'LA MEDUSA MARSALA (LME)'),
(89197, 'LA MERIDIANA EDIZIONI'),
(97991, 'LA MIA CREAZIONE'),
(962544, 'LA MONGOLFIERA'),
(326, 'LA NOTA EDIZIONI MUSICALI'),
(221, 'LA NUOVA ITALIA EDITRICE'),
(800204, 'LA PICCOLA VITERBO'),
(954182, 'LA RONDINE'),
(910515, 'LA SAPIENZA'),
(350, 'LA SCUOLA EDITRICE'),
(800105, 'LA SOVRANA'),
(800124, 'LA SPIGA'),
(200204, 'LA TRIBUNA PIACENZA'),
(77990, 'LA VITA FELICE'),
(500000, 'LABOR'),
(7914, 'LAC - LITOGRAFIA ARTISTICA CAR'),
(800039, 'LADISA EDITORE S.R.L.'),
(200281, 'LAJAM'),
(901668, 'LAMBDA'),
(900097, 'LAMED EDIZIONI'),
(4880, 'LAMPI DI STAMPA'),
(87464, 'LANCILLOTTO E GINEVRA EDITORE'),
(302, 'LANG EDIZIONI'),
(600007, 'LANGENSCHEIDT'),
(3526, 'LANGENSCHEIDT-LONGMAN'),
(7874, 'LAPIS'),
(600006, 'LAROUSSE'),
(800048, 'LAROUSSE ESPANA'),
(200167, 'LARUFFA REGGIO CALABRIA'),
(920041, 'LARUS'),
(213, 'LAS - ROMA'),
(421, 'LATERZA SCOLASTICA'),
(8042, 'LATTES'),
(200297, 'LAZZARETTI'),
(200225, 'LE LETTERE'),
(6186, 'LE LIBELLULE'),
(200227, 'LE MARASCHE'),
(940000, 'LE MONDE DIPLOMATIQUE'),
(300004, 'LE MONNIER'),
(800123, 'LE PLEADI EDITRICE S.N.C.'),
(800008, 'LE ROBERT CASA EDITRICE'),
(202, 'LE SEUIL'),
(201007, 'LE STELLE'),
(200804, 'LECCE CONTE'),
(7916, 'LED EDIZIONI'),
(89599, 'LEDIZIONI'),
(920044, 'LEGA'),
(800273, 'LEGENDA'),
(89652, 'LEGNOLEGNO'),
(906720, 'LEHRMITTELVERLAG'),
(911000, 'LEMOINE'),
(903489, 'LEONARDI & PARTNERS EDITORE'),
(800501, 'LEONARDO'),
(617107, 'LEONARDO (PASIAN DI PRATO)'),
(300267, 'LEONARDO ARTE'),
(900177, 'LEONE & GRIFFA'),
(624203, 'LETTERAVENTIDUE EDIZIONI S.R.L'),
(200224, 'LEVANTE EDITORI. BARI'),
(800112, 'LEVROTTO & BELLA'),
(2253, 'LGF/LIVRE DE POCHE'),
(6311, 'LIBERAMENTE'),
(7388, 'LIBERODISCRIVERE'),
(900744, 'LIBR. EDITRICE LA PROSIVENDOLA'),
(910149, 'LIBRA'),
(2916, 'LIBRAIRIE DES ECOLES'),
(902344, 'LIBRERIA CULC'),
(85865, 'LIBRERIA EDITRICE ANNA'),
(200589, 'LIBRERIA EDITRICE CAFOSCARINA'),
(800431, 'LIBRERIA EDITRICE FIORENTINA'),
(910286, 'LIBRERIA EDITRICE VATICANA'),
(910537, 'LIBRERIA PENSA S.R.L.'),
(200192, 'LIBRERIA TECNICA TORINO'),
(6292, 'LIBRERIAUNIVERSITARIA.IT'),
(800086, 'LIBREX SCUOLA'),
(910003, 'LIBRI'),
(486, 'LIBRI ORO RCS'),
(200801, 'LIBRI SCHEIWILLER'),
(95536, 'LIBRIDINE S.A.S.'),
(8430, 'LIBRILIBERI'),
(33479, 'LIBRIO'),
(207, 'LIGUORI EDITORE SRL'),
(7096, 'LIM EDITRICE'),
(6364, 'LINX'),
(910746, 'LIS PUBLISHER'),
(7627, 'LISCIANI SCUOLA'),
(906133, 'LITHOS (CASTELVETRANO)'),
(7675, 'LIVIANA'),
(600017, 'LIVRE DE POCHE'),
(303, 'LOESCHER COEDIZIONI'),
(201, 'LOESCHER EDITORE'),
(37855, 'LOEWE VERLAG'),
(300005, 'LOFFREDO'),
(95122, 'LOGHIA'),
(7940, 'LOGOS EDITORE'),
(910344, 'LONGANESI'),
(200125, 'LONGO ANGELO RAVENNA'),
(200447, 'LTP LEAN TEA PUB'),
(901379, 'LUCA TORRE EDITORE'),
(800035, 'LUCISANO EDITORE'),
(140922, 'LULU.COM'),
(6076, 'LUME EDIZIONI SRL'),
(800069, 'LUMEN'),
(800153, 'LUPETTI EDITORI COMUNICAZIONI'),
(87557, 'LUPO EDITORE'),
(88232, 'MA. GI.'),
(600010, 'MACMILLAN'),
(600013, 'MACMILLAN ELT'),
(200554, 'MAGGIOLI EDITORE RIMINI'),
(22107, 'MAGNARD'),
(800076, 'MANDESE EDITORE'),
(87752, 'MANNA EDIZIONI'),
(902554, 'MANNARINO FRANCO'),
(8176, 'MANNI EDITORI'),
(200134, 'MANZI'),
(7168, 'MARCOS Y MARCOS'),
(2743, 'MAREMAGNUM'),
(211, 'MARIETTI CASA EDITRICE 1820'),
(393, 'MARIETTI SCUOLA'),
(910239, 'MARIMAR'),
(86947, 'MARINELLI EDITORE'),
(87878, 'MARIUS'),
(231, 'MARKES'),
(7203, 'MARNA CASA EDITRICE'),
(88234, 'MAROTTA & CAFIERO'),
(462, 'MARSHALL CAVENDISH ELT'),
(200123, 'MARSILIO'),
(200900, 'MARY GLASGOW'),
(800158, 'MARZORATI SETTIMO MIL.'),
(800060, 'MASSIMO EDITRICE'),
(214, 'MASSON'),
(96354, 'MATEMATICAMENTE.IT'),
(700009, 'MAURA MORRONE'),
(82092, 'MAURO BARONI EDITORE'),
(200672, 'MAX HUEBER VERLAG FUER DEUTSCH'),
(6326, 'MAZZANTI'),
(88958, 'MAZZOTTA EDIZIONI CASTELVETRAN'),
(7700, 'MCGRAW-HILL COMPANIES'),
(78, 'MCGRAW-HILL/GLENCOE'),
(970150, 'MDA'),
(99009, 'MEDI SVILUPPO'),
(800169, 'MEDIA'),
(393072, 'MEDIA VERLAGSGESELLSCHAFT'),
(200144, 'MEDICA SALERNITANA EDITRICE'),
(325, 'MEDICAL BOOKS'),
(800159, 'MEDIOLANUM MILANO'),
(800176, 'MEDITERRANEE'),
(200291, 'MEDIUM PESCARA'),
(800061, 'MEDUSA EDITRICE'),
(6335, 'MELAGRANA EDIZIONI'),
(6815, 'MELIGRANA EDITORE'),
(95031, 'MELIGRANA GIUSEPPE EDITORE'),
(200132, 'MELITO'),
(8353, 'MELTEMI'),
(200136, 'MEMINI'),
(88655, 'MEPHITE'),
(8237, 'MERIDIANO ZERO'),
(920050, 'MESCHINI'),
(200355, 'MESSAGGERO'),
(800133, 'METHEUM'),
(200089, 'MFP'),
(86424, 'MGS PRESS'),
(200146, 'MICHELIN ITALIANA'),
(901317, 'MICRON'),
(88715, 'MILAN ÉDITIONS'),
(6585, 'MILANOAGENDE SRL'),
(36191, 'MILDENBERGER'),
(800138, 'MILELLA FRANCO EDITORE BARI'),
(800122, 'MILELLA LECCE'),
(200213, 'MILLE'),
(89161, 'MILLENNIUM'),
(298, 'MINERVA ITALICA'),
(911003, 'MINERVA MEDICA'),
(800084, 'MINNUCCI CALISTO'),
(352, 'MIRO'' EDITORI'),
(591395, 'MIRS'),
(200152, 'MIT-CS'),
(200228, 'MK LJ MLADINSKA KNJIGA LJUBLJA'),
(86111, 'MKZ'),
(200088, 'MM PUBLICATIONS'),
(8178, 'MOBYDICK'),
(493, 'MODERN LANGUAGES'),
(370000, 'MODRIJAN'),
(900041, 'MOISE LEVY EDITORE'),
(800439, 'MONARCH NOTES SIMON & SCHUSTER'),
(920927, 'MONDADORI EDUCATION S.P.A.'),
(800070, 'MONDADORI ESPANA'),
(6426, 'MONDADORI FOR ENGLISH'),
(88242, 'MONDADORI UNIVERSITÀ'),
(800181, 'MONDUZZI'),
(8871, 'MONTE UNIVERSITA''PARMA'),
(84771, 'MONTI'),
(8036, 'MORANO'),
(800062, 'MORCELLIANA EDITRICE'),
(200289, 'MORETTI & VITALI'),
(8877, 'MORLACCHI EDITORE (PERUGIA)'),
(95936, 'MORRONE EDITORE SIRACUSA'),
(317, 'MOSAICO ARTE E ARTIGIANATO'),
(8279, 'MOTTA JUNIOR'),
(8495, 'MULTIDEA'),
(800421, 'MULTIMEDIA EDIZIONI SALERNO'),
(6632, 'MUNDO ESPANOL EDICIONES'),
(425, 'MURSIA SCUOLA'),
(8830, 'MWEY'),
(910303, 'NARDINI'),
(600011, 'NATHAN'),
(89406, 'NATRUSSO COMMUNICATION'),
(36251, 'NAUMANN & GÖBEL'),
(97596, 'NEGROAMARO'),
(600002, 'NELSON THORNES LTD'),
(88245, 'NEOS EDIZ. TIPOLITO SUBALPINA'),
(88625, 'NERBINI'),
(330, 'NERI POZZA'),
(375, 'NEW EDITIONS'),
(309, 'NEW MERMAIDS'),
(800160, 'NEW PRESS COMO'),
(800142, 'NEWTON COMPTON'),
(901904, 'NICODEMO MAGGIULLI EDITORE'),
(201003, 'NICOLA MILANO EDITORE'),
(800113, 'NIS'),
(7185, 'NODOLIBRI'),
(800007, 'NORTON CASA EDITRICE'),
(700017, 'NOUBS EDIZIONI'),
(88881, 'NOVAGRAF'),
(95411, 'NOVECENTO MEDIA SRL'),
(200445, 'NOVO CASTEL CANTU'''),
(800083, 'NTC'),
(97364, 'NULLA DIE'),
(95487, 'NUOVA ARINTHA'),
(200153, 'NUOVA ARNICA EDITRICE'),
(200221, 'NUOVA COMPAGNIA'),
(6134, 'NUOVA CULTURA'),
(6383, 'NUOVA GIURIDICA'),
(800216, 'NUOVA OMICRON'),
(200137, 'NUOVA PRHOMOS'),
(200356, 'NUOVA SANTELLI'),
(800085, 'NUOVE EDIZIONI DEL GIGLIO'),
(800270, 'NUOVE EDIZIONI ROMANE'),
(800161, 'NUOVI AUTORI MILANO'),
(7226, 'NUOVI EQUILIBRI'),
(89755, 'NUOVI POETI'),
(905674, 'NUVOLE DI ARDESIA EDIZIONI'),
(8372, 'OASI ALBERTO PERDISA'),
(800121, 'OBERON'),
(3209, 'OBV'),
(470000, 'ÖBV + HPT'),
(848063, 'OCTAEDRO'),
(700003, 'ODRADEK EDITORE'),
(89683, 'OFFSET STUDIO'),
(3486, 'OLDENBOURG'),
(200138, 'OMEGA'),
(96281, 'ONDA EDIZIONI'),
(88042, 'OPPURE'),
(800162, 'ORFEO PADOVA'),
(200673, 'ORIZZONTI MERIDIONALI COSENZA'),
(920058, 'OSANNA EDIZIONI S.R.L.'),
(27373, 'OUEST-FRANCE'),
(600012, 'OXFORD UNIVERSITY PRESS'),
(200220, 'OXIANA'),
(300018, 'PACCAGNELLA'),
(200195, 'PACINI FAZZI MARIA EDITORE'),
(800063, 'PADUS'),
(96907, 'PAGINASCRITTA EDIZIONI'),
(200675, 'PAGINE SCUOLA'),
(300017, 'PAGUS'),
(800264, 'PAIDEIA'),
(200201, 'PALLADINO'),
(200166, 'PALLADIO EDITORE'),
(200645, 'PALOMBI FRATELLI ROMA'),
(8020, 'PALUMBO'),
(200641, 'PANARO A. EDITORE MODA'),
(8248, 'PANINI FRANCO COSIMO'),
(8315, 'PAOLINE EDITORIALE LIBRI'),
(910056, 'PAOLINO G.'),
(88836, 'PAPAGENO EDIZIONI'),
(87111, 'PAPARO'),
(97645, 'PAPERGRAF'),
(300012, 'PARADIGMA'),
(301, 'PARAMOND'),
(395, 'PARAVIA'),
(901410, 'PARUZZO PRINTER EDITORE'),
(800081, 'PASSPORT BOOKS'),
(848, 'PATRIMONIO NACIONAL'),
(800053, 'PATRON'),
(7192, 'PEARSON EDUCATION'),
(920900, 'PEARSON ITALIA S.P.A.'),
(300013, 'PEARSON LONGMAN'),
(800211, 'PEG'),
(88038, 'PEGASUS'),
(800321, 'PELLEGRINI LUIGI EDITORE'),
(200193, 'PELUSO'),
(800114, 'PENGUIN BOOKS LTD (UK)'),
(710722, 'PEOPLES EDUCATION PRESS'),
(903728, 'PERCORSI MERIDIANI'),
(910024, 'PERIFERIA'),
(2262, 'PERRIN'),
(307, 'PETER COLLIN PUBLISHING'),
(200131, 'PETERS'),
(494, 'PETRINI'),
(800125, 'PETRONELLI'),
(910924, 'PETRUZZI'),
(714, 'PHAIDON PRESS LTD'),
(300140, 'PHOENIX ELT'),
(700007, 'PHOIDONEX - LONDRA'),
(800031, 'PICCIN NUOVA LIBRARIA'),
(201005, 'PICCOLI'),
(920216, 'PICCOLO'),
(800141, 'PICO'),
(384, 'PIEMME EDIZIONI'),
(800058, 'PIEMME SCUOLA'),
(300500, 'PIETRO MONTANARI'),
(7231, 'PIETRO VITTORIETTI'),
(723100, 'PIETRO VITTORIETTI EDIZIONI'),
(80000, 'PIRAS'),
(800100, 'PIROLA'),
(341, 'PIRONTI SCUOLA'),
(200811, 'PITAGORA BOLOGNA'),
(88719, 'PLAN EDIZIONI'),
(800071, 'PLANETA'),
(800072, 'PLAZA & JANES'),
(88813, 'PLECTICA'),
(200561, 'POCKET BOOKS'),
(226619, 'POCKET JEUNESSE'),
(930125, 'POI FRUSI'),
(800139, 'POLARIS FAENZA'),
(8678, 'POLETTO EDITORE'),
(800091, 'POLIS EDITRICE S.A.S.'),
(5960, 'POLISTAMPA'),
(7928, 'PONTE ALLE GRAZIE'),
(800126, 'PONTE NUOVO'),
(7653, 'PONTIFICIO ISTITUTO BIBLICO'),
(800073, 'POPULAR'),
(300011, 'POSEIDONIA'),
(200190, 'PRATICHE EDITRICE'),
(600020, 'PRENTICE HALL'),
(416, 'PRINCIPATO'),
(985000, 'PRINDLE, WEBER & SCHMIDT'),
(7264, 'PRISMA'),
(88550, 'PROGEDIT'),
(88003, 'PROGETTI SONORI'),
(800228, 'PROGRAMMA EDITORE'),
(200186, 'PROGRESSO GRAFICO TORINO'),
(908530, 'PROMEDIL EDIZIONI'),
(930028, 'PROMOPRESS'),
(7418, 'PROSPETTIVA EDITRICE'),
(200185, 'PROVA D''AUTORE CATANIA'),
(362, 'PROVE D''AUTORE CATANIA'),
(588337, 'PROVVISORIO'),
(89875, 'PSICHE AURORA EDITORE'),
(200091, 'PUG FLEM'),
(61, 'PUG PRESSES UNIVER DE GRENOBLE'),
(200812, 'PUNGITOPO'),
(85227, 'QIQAJON'),
(500002, 'QUADERNI MARINARI'),
(500001, 'QUALE VITA'),
(200762, 'QUALECULTURA VIBO VALENTIA'),
(392, 'QUATTROVENTI'),
(800056, 'QUERINIANA EDITRICE'),
(87462, 'QUODLIBET'),
(900135, 'R.A.V IN. PRO'),
(200098, 'RAFFAELLO EDITRICE'),
(2700, 'RAGEOT'),
(902031, 'RAINBOW EDIZIONI'),
(88399, 'RCE MULTIMEDIA'),
(920932, 'RCS LIBRI DIVISIONE EDUCATION'),
(200278, 'REALTA''SANNITA'),
(800130, 'RECLAM'),
(7447, 'RED EDIZIONI'),
(800055, 'REDA EDIZIONI'),
(920066, 'REGENTS'),
(200121, 'REGIONE CALABRIA'),
(200122, 'REGISTRO NAVALE ITALIANO'),
(87455, 'REM - EDIZIONI S.R.L.'),
(725, 'RETZ'),
(600260, 'REVERBERI EDIZIONI MUSICALI'),
(66803, 'RICHMOND PUBLISHING'),
(800052, 'RICORDI'),
(17, 'RIZZOLI - BUR'),
(920934, 'RIZZOLI LAROUSSE'),
(88462, 'RL LIBRI'),
(800131, 'RO RO RO (ROWOLT)'),
(900020, 'ROBERTO MEIATTINI EDITORE'),
(7371, 'ROBIN'),
(95078, 'ROCCO CARABBA CASA EDITRICE'),
(8868, 'ROGIOSI EDITORE'),
(380000, 'ROKUS'),
(800149, 'ROMAMA LIBRI'),
(800175, 'ROMANE EDIZIONI'),
(98219, 'ROMANO LIBRI SRL'),
(800057, 'ROSENBERG & SELLIER'),
(910679, 'ROSINI'),
(87927, 'ROTAS EDITRICE'),
(800011, 'ROUTLEDGE CASA EDITRICE'),
(800051, 'RUBBETTINO'),
(37253, 'RUEGGER VERLAG CH'),
(200210, 'RUGGINENTI MILANO'),
(6120, 'RUNDE TAARN'),
(902008, 'RUOCCO EDITORE'),
(200772, 'RUSCONI'),
(200489, 'RUSSKIJ JAZYK MOSCA'),
(800172, 'S. GAETANO ISTITUTO'),
(800144, 'SA.B. EDIZIONI'),
(200183, 'SACCARDINI MARTINA BOLOGNA'),
(200182, 'SAFRA'),
(800208, 'SALANI'),
(6656, 'SALANI VARIA (ROMANZI)'),
(800164, 'SALERNO ROMA'),
(800049, 'SAN MARCO'),
(88888, 'SAN PAOLO'),
(95990, 'SANDIT LIBRI'),
(800050, 'SANDRON'),
(200456, 'SANNIO SPORT'),
(383, 'SANSONI PER LA SCUOLA'),
(200094, 'SANTILLANA (GIUNTI)'),
(800010, 'SANTILLANA CASA EDITRICE'),
(88878, 'SASSOSCRITTO EDITORE'),
(3252, 'SAUERLÄNDER AARAU'),
(634, 'SBC EDIZIONI'),
(800221, 'SCHENA FASANO'),
(860000, 'SCHIFANOIA'),
(3506, 'SCHOENINGH VERLAG'),
(19057, 'SCHOLASTIC ACADEMIC'),
(329, 'SCHOTT & CO LTD'),
(35074, 'SCHROEDEL VERLAG GMBH'),
(929526, 'SCHUBERT VERLAG LIPSIA'),
(200814, 'SCIASCIA CALTANISETTA'),
(910371, 'SCIENZA E TECNICA DENTISTICA'),
(911108, 'SCIPIONE'),
(324, 'SCOMEGNA EDIZIONI MUSICALI SRL'),
(910030, 'SCORPIONE'),
(800180, 'SCRIBA SRL'),
(200181, 'SCUDERI AVELLINO'),
(910111, 'SCUOLA & AZIENDA'),
(790000, 'SCUOLA GRAFICA CITTA'' DI CASTE'),
(200124, 'SCUOLA GRAFICA SAN ZENO'),
(88924, 'SCUOLA PRESS EDITRICE'),
(87758, 'SCUOLA SARDA EDITRICE'),
(800101, 'SEAM'),
(800013, 'SECKER & WARBURG'),
(89732, 'SECOP EDIZIONI'),
(700015, 'SEDIMUS EDIZIONI'),
(8968, 'SEED SRL'),
(5, 'SEI'),
(800074, 'SEIX BARRAL'),
(800197, 'SELLERIO DI GIORGIANNI'),
(312, 'SELLERIO EDITORE PALERMO'),
(88991, 'SELLINO EDITORE'),
(6122, 'SENECA EDIZIONI'),
(86323, 'SENSIBILE ALLE FOGLIE'),
(87124, 'SEPEM'),
(500100, 'SERARCANGELI'),
(87445, 'SESTANTE'),
(86091, 'SETTE CITTA'''),
(600016, 'SGEL'),
(8404, 'SHALOM'),
(800087, 'SIDEREA'),
(901053, 'SIE'),
(252697, 'SIGLO XXI'),
(8475, 'SIGNUM PADOVA EDITRICE'),
(800171, 'SIGNUM SCUOLA'),
(800088, 'SIM'),
(80001, 'SIMEOLI EDIZIONI MUSICALI'),
(920073, 'SIMONE PER LA SCUOLA'),
(6259, 'SIMPLE'),
(8400, 'SINFONICA JAZZ EDIZ. MUSICALI'),
(86061, 'SINNOS EDITRICE'),
(780052, 'SINOLINGUA'),
(910000, 'SINTESIS'),
(800165, 'SIRIO TRIESTE'),
(200180, 'SIRRI RAVENNA'),
(99513, 'SISTEMI EDITORIALI'),
(200346, 'SITAM'),
(513, 'SKIRA'),
(572, 'SKIRA’ EDITORE'),
(800075, 'SM'),
(800301, 'SNAIL PUBLISHING'),
(237, 'SOCIETA'' BIBLICA BRITANNICA'),
(6268, 'SOCIETA'' COOP EDITORIALE CULTU'),
(910090, 'SOCIETA'' STAMPA SPORTIVA'),
(999746, 'SOCIETY OF NAVAL ARCHITECTS &'),
(2733, 'SODIS'),
(88377, 'SOLE'),
(7106, 'SONDA'),
(800435, 'SORBONA EDIZIONI'),
(920226, 'SOVERA MULTIMEDIA'),
(96808, 'SPE EDIZIONI'),
(38274, 'SPEKTRUM AKADEMISCHER VERLAG'),
(200139, 'SPERLING & KUPFER'),
(800166, 'SPES FIRENZE'),
(7660, 'SPIEGEL'),
(7770, 'SPIRALI'),
(87764, 'SPRING EDIZIONI S.R.L.'),
(586547, 'ST. PETERSBURG: ZLATOUST'),
(800269, 'STAMP BRAILLE'),
(800266, 'STAMPA TRIESTINA'),
(38944, 'STARK VERLAGSGES.MBH'),
(800265, 'STAVOLTA PORDENONE'),
(899530, 'STEINER-WALDORF SCHOOLS FELLOW'),
(200357, 'STENOTYPE ITALIA'),
(87781, 'STILO EDITRICE'),
(86933, 'STUDIO VEGA'),
(382, 'STUDIUM'),
(800647, 'SUHRKAMP / INSEL'),
(274, 'SUMMERTOWN PUBLISHING'),
(88548, 'SUPERNOVA'),
(910249, 'SUVINI ZERBONI'),
(27485, 'SYROS'),
(800423, 'TALIA EDITRICE'),
(800128, 'TEA SCUOLA'),
(800235, 'TEA TASCABILI EDITORI ASSOCIAT'),
(27430, 'TEC & DOC (EDITIONS)'),
(200112, 'TECHNA GROUP'),
(800202, 'TECNICA DEL MARE L''AUTOMAZIONE'),
(85009, 'TECNICHE NUOVE'),
(200191, 'TECNODID'),
(908023, 'TECNODISPLAY'),
(800145, 'TECNOGRAFF'),
(880000, 'TEHNIŠKA ZALOŽBA SLOV.D.D.'),
(9013, 'TERRA DEL SOLE'),
(6189, 'TERRE DI MEZZO'),
(8836, 'TERZO MILLENIO'),
(800151, 'TESTI'),
(8436, 'TEV REGISTRI VACCARO'),
(500, 'THECNA'),
(201006, 'THEOREMA'),
(200199, 'THEORIA ROMA'),
(534, 'THOMSON, BROOKS/COLE'),
(700001, 'THYRUS'),
(800203, 'TILGHER GENOVA'),
(86, 'TIP.LE.CO. EDIZIONI'),
(900005, 'TIPOGR. UGO SAMBUCCI'),
(800267, 'TIPOGRAFIA EDITRICE TREVIGIANA'),
(800200, 'TIPOGRAFIA GIULIANO NA'),
(600022, 'TIPOGRAFIA MODERNA'),
(978889, 'TIPOGRAFIA PESANDO'),
(200142, 'TNE'),
(200421, 'TOFANI'),
(200544, 'TOMASELLI RAGUSA'),
(88779, 'TONI CASA EDITRICE'),
(700018, 'TOTEM'),
(200425, 'TOURING CLUB'),
(86676, 'TRACCE'),
(233, 'TRAMONTANA (RCS LIBRI)'),
(85499, 'TRAUNER VERLAG'),
(8414, 'TRE SEI SCUOLA'),
(911211, 'TREVES'),
(292, 'TREVISINI'),
(800137, 'TRINAKRIA SIRACUSA'),
(200423, 'TRINGALE'),
(89950, 'TRINITY WHITEBRIDGE'),
(902864, 'TRISAURO EDIZIONI'),
(39000, 'TSZ'),
(97165, 'TUNUE'''),
(90113, 'TURIN FLYING INSTITUTE'),
(800077, 'TUSQUETS'),
(906955, 'UES EDITORE'),
(200229, 'UFF. SCOLASTICO REG.TRIESTE'),
(200566, 'UGO GUANDA EDITORE'),
(200324, 'ULISSE NUOVA'),
(8777, 'UNI ENTE NAZIONALE ITALIANO DI'),
(930126, 'UNICOPLI'),
(200311, 'UNIONE STENOGRAFIA'),
(810000, 'UNIPROM'),
(7592, 'UNIVERSAL MUSIC MGB'),
(200222, 'UNIVERSIDAD SALAMANCA'),
(800268, 'UNIVERSO'),
(96918, 'UOVONERO'),
(7126, 'UPSEL DOMENEGHINI'),
(86205, 'URBAN'),
(89271, 'URBATERR'),
(7460, 'USBORNE PUBLISHING'),
(800195, 'USNEN NAPOLI'),
(800167, 'UTET TORINO'),
(200341, 'VALLECCHI FIRENZE'),
(300006, 'VALMARTINA'),
(800089, 'VANNINI'),
(200150, 'VELAR'),
(89122, 'VERBA VOLANT EDIZIONI'),
(800078, 'VERBUM'),
(200877, 'VERDUCI ROMA'),
(6235, 'VEREJA EDIZIONI'),
(37058, 'VERITAS – VERLAGS'),
(305, 'VERLAG FUR DEUTSCH'),
(900071, 'VERTICAL'),
(200149, 'VESTIGIUM SCUOLA CHIETI'),
(800079, 'VICENS VIVES'),
(200337, 'VIDEO COMP. COSENZA'),
(904109, 'VIK'),
(200342, 'VILLADISERIANE'),
(200776, 'VILLANO ROCCAPIEMONTE'),
(800451, 'VIMAGE NAPOLI'),
(800150, 'VINCIANA EDITRICE'),
(86055, 'VIT. EN. - CALOSSO (AT)'),
(318, 'VIT.EN.S.A.S'),
(800090, 'VITA E PENSIERO'),
(800242, 'VITALI & GHIANDA'),
(900021, 'VOLONTE'''),
(96658, 'VOX SCUOLA'),
(5346, 'WADSWORTH PUBLISHING COMPANY'),
(31412, 'WESTERMANN'),
(200093, 'WORDSWORTH'),
(7273, 'XENIA - MILANO'),
(3821, 'XENOS VERLAGSGESELLSCHAFT'),
(902164, 'YORICK - PATTI'),
(66184, 'YOUCANPRINT'),
(200179, 'ZACO'),
(961226, 'ZAL. KARANTANIJA'),
(200334, 'ZALOZ OBZORJE MARIBOR'),
(360000, 'ZALOŽBA OBZORJA D.D.'),
(500004, 'ZANCLE'),
(200177, 'ZANGARA STAMPA'),
(200244, 'ZANIBON'),
(8, 'ZANICHELLI'),
(88433, 'ZELLA'),
(200761, 'ZETA''S MILANO'),
(500300, 'ZIINO'),
(200333, 'ZJARRI'),
(8654, 'ZLATOUST - SAN PIETRO'),
(95514, 'ZONA'),
(64382, 'ZONE'),
(8470, 'ZONZA EDITORE'),
(184126, 'ZSOLT RADAK');

--
-- Dump dei dati per la tabella `bsw_school`
--

INSERT INTO `bsw_school` (`id`, `name_school`, `code_school`, `order_school`, `zip_school`, `city_school`, `district_school`, `address_school`, `phone1_school`, `fax_school`, `phone2_school`, `email1_school`, `email2_school`, `url_school`) VALUES
(1, 'IISS C. Colamonico- N. Chiarulli', 'BAIS026004', 'Secondaria superiore', '70021', 'Acquaviva delle Fonti', 'BA', 'Via Colamonico, 5', '080757923', NULL, NULL, NULL, NULL, 'http://www.itccolamonico.it');

--
-- Dump dei dati per la tabella `bsw_subject`
--

INSERT INTO `bsw_subject` (`id`, `subject`) VALUES
(1, 'AEROTECNICA'),
(2, 'AGRONOMIA GENERALE'),
(3, 'ALIMENTI E ALIMENTAZIONE'),
(4, 'ALTRE LINGUE'),
(5, 'AMMINISTRAZIONE ALBERGHIERA'),
(6, 'ANATOMIA FISIOLOGIA IGIENE'),
(7, 'ANATOMIA UMANA PER ARTISTI'),
(8, 'APPLICAZIONI AZIENDALI AGRARI'),
(9, 'ARTE E MUSICA'),
(10, 'AUTOMAZIONE INDUST. E IMPIANTI TESSILI'),
(11, 'BIOCHIMICA E MICROBIOLOGIA DELLE TRASFORM.'),
(12, 'BIOLOGIA'),
(13, 'BIOLOGIA APPLICATA (CERERE)'),
(14, 'BIOTECNOLOGIE ED IMPIANTI'),
(15, 'BOTANICA'),
(16, 'CARTOGRAFIA'),
(17, 'CHIMICA'),
(18, 'CHIMICA APPLICATA'),
(19, 'CHIMICA INDUSTRIALE E DISEGNO'),
(20, 'CHIMICA MICROBIOLOGIA'),
(21, 'COLTIVAZIONE ARBOREE'),
(22, 'COLTIVAZIONI ERBACEE'),
(23, 'COMUNICAZIONI VISIVE'),
(24, 'CONTABILITA'' AGRARIA'),
(25, 'CONTABILITA'' ELETTRONICA-LAB.TRATTAM.TESTI'),
(26, 'CONTROLLO ED AUTOMAZIONI'),
(27, 'COSTRUZIONI EDILI'),
(28, 'COSTRUZIONI ELETTROMECCANICHE E DISEGNO'),
(29, 'CULTURA - MEDICO SANITARIA'),
(30, 'DIDATTICA E TIROCINIO'),
(31, 'DIRITTO'),
(32, 'DIRITTO CODICI'),
(33, 'DIRITTO E ECONOMIA MONOENNIO/POST.QUALIFICA'),
(34, 'DIRITTO ED ECONOMIA'),
(35, 'DIRITTO ED ECONOMIA AZIENDALE'),
(36, 'DIRITTO LEGISLAZIONE AGRARIA'),
(37, 'DIRITTO LEGISLAZIONE SOCIALE ED ECONOMIA'),
(38, 'DISEGNO'),
(39, 'DISEGNO E PROGETTAZIONE'),
(40, 'DISEGNO PROG.E ORGANIZZAZIONE AZIENDALE'),
(41, 'ECOLOGIA AGRARIA E TUTELA AMBIENTALE'),
(42, 'ECOLOGIA AGRARIA ESERCIZI E SUSSIDI'),
(43, 'ECOLOGIA E GEOPEDOLOGIA'),
(44, 'ECONOMIA AGRARIA ED AGROALIMENTARE'),
(45, 'ECONOMIA AZIENDALE'),
(46, 'ECONOMIA DOMESTICA'),
(47, 'ECONOMIA E GESTIONE AZIENDE RISTORATIVE'),
(48, 'ECONOMIA E TECNICA TURISTICA'),
(49, 'ECONOMIA ED ORGANIZ. AZ. INDUSTRIALE'),
(50, 'ECONOMIA INDUSTRIALE E ELEMENTI DI DIRITTO'),
(51, 'ECONOMIA MERCATI AGRICOLI'),
(52, 'ECONOMIA POLITICA'),
(53, 'EDUCAZIONE CIVICA'),
(54, 'EDUCAZIONE FISICA'),
(55, 'EDUCAZIONE TECNOLOGICA'),
(56, 'ELEMENTI DI TECNOLOGIA CHIMICA E LABORATORI'),
(57, 'ELEM.DI PSICOLOGIA-SOCIOLOGIA-STATISTICA'),
(58, 'ELETTRONICA'),
(59, 'ELETTROTECNICA'),
(60, 'ENTOMOLOGIA AGRARIA'),
(61, 'ESERCITAZIONE PRATICHE PROFESSIONALI'),
(62, 'ESERCITAZIONI DI ECOLOGIA APPLICATA'),
(63, 'ESERCITAZIONI MARINARESCHE'),
(64, 'ESERCITAZIONI NEI REPARTI DI LAVORAZIONE'),
(65, 'ESTIMO'),
(66, 'FILOSOFIA'),
(67, 'FILOSOFIA E PEDAGOGIA'),
(68, 'FISICA'),
(69, 'FISICA AMBIENTALE E SANITARIA'),
(70, 'FOTOGRAFIA E CINEMATOGRAFIA'),
(71, 'FRANCESE'),
(72, 'FRANCESE DIZIONARI'),
(73, 'GENIO RURALE AGRARI'),
(74, 'GEOGRAFIA'),
(75, 'GEOGRAFIA DELLE RISORSE CULTURALI E TURIST.'),
(76, 'GEOGRAFIA ECONOMIA E TURISTICA MONOENNIO'),
(77, 'GEOGRAFIA ECONOMICA'),
(78, 'GEOTECNICA E LABORATORIO'),
(79, 'GRAFICA E STAMPA'),
(80, 'GRECO'),
(81, 'IGIENE E PUERICULTURA'),
(82, 'IMPIANTI EDILI E TERMOTECNICI'),
(83, 'IMPIANTI GRAFICI'),
(84, 'INDUSTRIE AGRARIE E TECNOLOGIE AGRARIE'),
(85, 'INFORMATICA'),
(86, 'INGLESE'),
(87, 'INGLESE DIZIONARI'),
(88, 'ITALIANO'),
(89, 'ITALIANO ANTOLOGIE'),
(90, 'ITALIANO GRAMMATICA'),
(91, 'ITALIANO LETTERATURA'),
(92, 'LABORATORIO DI CONFEZIONI'),
(93, 'LABORATORIO DI FISICA/CHIMICA'),
(94, 'LABORATORIO DI MODELLISTICA'),
(95, 'LABORATORIO ESERCIZI E SUSSIDI'),
(96, 'LABORATORIO SERVIZI'),
(97, 'LABORATORIO TRATTAMENTO TESTI'),
(98, 'LAB.DI ORGANIZ.E GESTIONE AZIENDE RISTORATI'),
(99, 'LATINO'),
(100, 'LEGISLAZIONE DELLA RISTORAZIONE'),
(101, 'LEGISLAZIONE TURISTICA'),
(102, 'MATEMATICA'),
(103, 'MECCANICA'),
(104, 'MEDICINA'),
(105, 'MERCEOLOGIA'),
(106, 'METEREOLOGIA'),
(107, 'METEREOLOGIA E OCEANOGRAFIA'),
(108, 'METODOLOGIE OPERATIVE'),
(109, 'METODOLOGIE OPERATIVE AGRARI'),
(110, 'METOD. RICERCA SOCIO PSICO PEDAGOGICA'),
(111, 'MICROBIOLOGIA BIOCHIMICA E LABORATORIO'),
(112, 'MINERALOGIA GEOLOGIA E LABORATORIO'),
(113, 'MUSICA E CANTO CORALE'),
(114, 'NAVIGAZIONE'),
(115, 'NAVIGAZIONE AEREA'),
(116, 'ODONTOTECNICA E OTTICA'),
(117, 'OREFICERIA'),
(118, 'ORGANIZ. GESTIONE PRODUZIONE INDUSTRIALE'),
(119, 'ORGAN.E GESTIONE DELL''ATT.RICETTIVA AGRITU'),
(120, 'PATOLOGIA VEGETALE'),
(121, 'PIANIFICAZIONE PUBBLICITARIA'),
(122, 'PRINCIPI DI ALIMENTAZIONE'),
(123, 'PROCESSI E TECNOLOGIE INDUSTRIALI CHIMICHE'),
(124, 'PROGETTAZIONE GRAFICA'),
(125, 'PROPAGANDA, PUBBLICITA'' E P.R.'),
(126, 'PSICOLOGIA'),
(127, 'PSICOLOGIA DELLA COMUNICAZIONE'),
(128, 'RAGIONERIA ED ECONOMIA AZIENDALE'),
(129, 'RELIGIONE'),
(130, 'SCIENZA DELLA MATERIA'),
(131, 'SCIENZA DELLA NATURA'),
(132, 'SCIENZA DELLA TERRA'),
(133, 'SCIENZA DELLE FINANZE'),
(134, 'SCIENZA DELL''ALIMENTAZIONE ECONOMO-DIETISTE'),
(135, 'SCIENZA DELL''EDUCAZIONE - PEDAGOGIA'),
(136, 'SCIENZE SOCIALI'),
(137, 'SISTEMI'),
(138, 'SISTEMI AUTOMAZIONE E ORGANIZ.PRODUZIONE'),
(139, 'SISTEMI E AUTOMAZIONE'),
(140, 'SOCIOLOGIA'),
(141, 'SPAGNOLO'),
(142, 'SPAGNOLO DIZIONARI'),
(143, 'SPAGNOLO GRAMMATICA'),
(144, 'STORIA'),
(145, 'STORIA DELLA MODA E DEL COSTUME'),
(146, 'STORIA DELLE ARTI VISIVE'),
(147, 'STORIA DELLE TRADIZIONI RURALI'),
(148, 'STORIA DELL''ARTE'),
(149, 'STORIA DELL''ARTE E DEL COSTUME'),
(150, 'STRUTTURA DELLA NAVE E NAVIGAZIONE'),
(151, 'STRUTTURE URBANE E TERRITORIALI'),
(152, 'TDP'),
(153, 'TECNICA DELLA PRODUZIONE'),
(154, 'TECNICA DI PRODUZIONE ANIMALE'),
(155, 'TECNICA ELETTRO RADIO RADAR'),
(156, 'TECNICA FOTOGRAFICA'),
(157, 'TECNICA PROFESSIONALE IPIA'),
(158, 'TECNICA PUBBLICITARIA POST-QUALIFICA PROF.'),
(159, 'TECNICA TURISTICA ED AMMINISTRATIVA'),
(160, 'TECNICHE DI CATALOGAZIONE'),
(161, 'TECNICHE DI COMUNICAZIONE E RELAZIONE'),
(162, 'TECNICHE DI SETTORE'),
(163, 'TECNICHE PRODUZIONE: TRASFORMAZIONE E VALO'),
(164, 'TECNOLOGIA AEROTECNICA E COSTRUZIONI'),
(165, 'TECNOLOGIA AGROAMBIENTALI'),
(166, 'TECNOLOGIA ARTE E CERAMICA'),
(167, 'TECNOLOGIA DEL LEGNO E FALEGNAMERIA'),
(168, 'TECNOLOGIA DELLE COSTRUZIONI'),
(169, 'TECNOLOGIA E DISEGNO'),
(170, 'TECNOLOGIA GRAFICA'),
(171, 'TECNOLOGIA MECCANICA'),
(172, 'TECNOLOGIA RURALE'),
(173, 'TECNOLOGIA TESSILE'),
(174, 'TECNOLOGIE CHIMICO AGRARIE'),
(175, 'TEDESCO'),
(176, 'TEDESCO DIZIONARI'),
(177, 'TELECOMUNICAZIONI'),
(178, 'TEORIA E SICUREZZA DELLA NAVE'),
(179, 'TEORIA E TECNICA DEL TRASPORTO MARITTIMO'),
(180, 'TIC-TECNICHE INFORMAZIONE E COMUNICAZIONE'),
(181, 'TOPOGRAFIA'),
(182, 'TRAFFICO AEREO ED ESERCITAZIONI'),
(183, 'TRASPORTI'),
(184, 'ZOOTECNIA GENERALE'),
(185, 'ZOOTECNIA SPECIALE'),
(186, 'ZOOTECNIA ZOOGNOSTICA'),
(187, 'ALTRE LINGUE'),
(188, 'DIZIONARIO ALTRI'),
(189, 'EDUCAZIONE CIVICA'),
(190, 'EDUCAZIONE FISICA'),
(191, 'EDUCAZIONE MUSICALE'),
(192, 'EDUCAZIONE SANITARIA/SESSUALE'),
(193, 'EDUCAZIONE STRADALE'),
(194, 'EDUCAZIONE TECNICA'),
(195, 'FRANCESE'),
(196, 'GEOGRAFIA'),
(197, 'INFORMATICA'),
(198, 'INGLESE'),
(199, 'ITALIANO'),
(200, 'ITALIANO ANTOLOGIA'),
(201, 'ITALIANO GRAMMATICA'),
(202, 'LATINO'),
(203, 'MATEMATICA'),
(204, 'RELIGIONE'),
(205, 'SCIENZE'),
(206, 'SPAGNOLO'),
(207, 'STORIA'),
(208, 'TEDESCO'),
(209, 'LETTURE'),
(210, 'SUSSIDIARIO'),
(211, 'RELIGIONE'),
(212, 'INGLESE'),
(213, 'FRANCESE'),
(214, 'TEDESCO'),
(215, 'SPAGNOLO'),
(216, 'AREA UMANISTICA STORIA E GEOGRAFIA'),
(217, 'AREA SCIENTIFICA MATEMATICA E SCIENZE'),
(218, 'EDUCAZIONE ARTISTICA'),
(219, 'IL LIBRO DELLA PRIMA CLASSE'),
(220, 'SUSSIDIARIO DEI LINGUAGGI'),
(221, 'SUSSIDIARIO DELLE DISCIPLINE'),
(222, 'ARTE E IMMAGINI'),
(223, 'SCIENZE MOTORIE E SPORTIVE'),
(224, 'TECNOLOGIA'),
(225, 'SPAGNOLO II LINGUA'),
(226, 'TEDESCO II LINGUA'),
(227, 'INGLESE II LINGUA'),
(228, 'FRANCESE II LINGUA'),
(230, 'BIOCHIMICA E MICROBIOLOGIA DELLE TRASFORMAZ'),
(231, 'BIOLOGIA E LABORATORIO'),
(232, 'ORGAN.E GESTIONE DELL''ATT.RICETTIVA AGRITUR'),
(233, 'AUTOMAZIONE INDUSTRIALE E IMPIANTI TESSILI'),
(234, 'TECNICA PUBBLICITARIA'),
(235, 'TECNICHE PRODUZIONE: TRASFORMAZIONE E VALOR'),
(236, 'ECOLOGIA AGRARIA E TUTELA DELL''AMBIENTE'),
(237, 'ECOLOGIA AGRARIA'),
(238, 'GENIO RURALE (AGRARI)'),
(239, 'METEOROLOGIA'),
(240, 'METEOROLOGIA E OCEANOGRAFIA'),
(241, 'TECNICA DELLA PRODUZIONE E LABORATORIO'),
(242, 'ARTE BIANCA E DERIVATI'),
(243, 'TECNICA TECNOLOGIA CONSERVAZI.AGROALIMENTAR'),
(244, 'ITALIANO DIZIONARI'),
(245, 'LATINO DIZIONARI'),
(246, 'IMPIANTI ELETTRICI'),
(247, 'STATISTICA'),
(248, 'SCIENZE INTEGRATE'),
(249, 'SCIENZE STORICO SOCIALI'),
(250, 'INGLESE I LINGUA'),
(251, 'INGLESE II LINGUA'),
(252, 'FRANCESE I LINGUA'),
(253, 'FRANCESE II LINGUA'),
(254, 'SPAGNOLO I LINGUA'),
(255, 'SPAGNOLO II LINGUA'),
(256, 'TEDESCO I LINGUA'),
(257, 'TEDESCO II LINGUA'),
(258, 'BIOETICA'),
(259, 'DRAMMATURGIA E COMUNICAZIONI SOCIALI'),
(260, 'CALCOLO'),
(261, 'ELETTROTECNICA E TELECOMUNICAZIONI'),
(262, 'ESERCITAZIONI DI CONTATTOLOGIA'),
(263, 'PROGETTAZIONE ORAFA'),
(264, 'GNATOLOGIA'),
(265, 'ESERCITAZIONI DI ODONTOTECNICA'),
(266, 'DISEGNO E MODELLAZIONE'),
(267, 'SCIENZA DEI MATERIALI DENTALI'),
(268, 'OTTICA APPLICATA'),
(269, 'OTTICA'),
(270, 'EDUCAZIONE MUSICALE'),
(271, 'PSICOLOGIA E SCIENZA DELL''EDUCAZIONE'),
(272, 'TECNICA DELL''ORGANIZZAZIONE'),
(273, 'INFORMATICA GESTIONALE'),
(274, 'GEOGRAFIA DELLE RISORSE'),
(275, 'ODONTOTECNICA'),
(276, 'SCIENZE UMANE'),
(277, 'DISCIPLINE GEOMETRICHE E ARCHITETTONICHE'),
(278, 'DISCIPLINE PITTORICHE'),
(279, 'DISCIPLINE PLASTICHE'),
(280, 'MATEMATICA E LABORATORIO DI INFORMATICA'),
(281, 'ECOLOGIA'),
(282, 'MORFOLOGIA E FISIOLOGIA'),
(283, 'SCIENZE NATURALI E GEOGRAFIA'),
(284, 'SCIENZE NATURALI E LABORATORIO'),
(285, 'LINGUA STRANIERA'),
(286, 'CHIMICA GENERALE INORGANICA O ORGANICA'),
(287, 'CHIMICA AGRARIA'),
(288, 'ECONOMIA E CONTABILITA'' RURALE'),
(289, 'ESTIMO RURALE ED ELEMENTI DI DIRITTO AGRARI'),
(290, 'ELEMENTI DI TOPOGRAFIA E DISEGNO RELATIVO'),
(291, 'ELEMENTI DI COSTRUZIONI RURALI E DISEGNO RE'),
(292, 'ZOOTECNICA'),
(293, 'ESERCITAZIONE DI AZIENDA AGRARIA'),
(294, 'LINGUA E LETTERE ITALIANE'),
(295, 'ELEMENTI DI DIRITTO ED ECONOMIA'),
(296, 'MATEMATICA E INFORMATICA'),
(297, 'TECNICHE DI GESTIONE, VALUTAZIONE ED ELEMEN'),
(298, 'TOPOGRAFIA ED ELEMENTI DI COSTRUZIONI'),
(299, 'FISICA E LABORATORIO'),
(300, 'CHIMICA E LABORATORIO'),
(301, 'CHIMICA AGRARIA CON ESERCITAZIONI E TECNICH'),
(302, 'INGLESE III LINGUA'),
(303, 'FRANCESE III LINGUA'),
(304, 'TEDESCO III LINGUA'),
(305, 'LABORATORIO DI INFORMATICA'),
(306, 'AREA OPZIONALE: STAR OFFICE'),
(307, 'AREA OPZIONALE: INTERNET'),
(308, 'AREA OPZIONALE: FRANCESE'),
(309, 'AREA OPZIONALE: TEDESCO'),
(310, 'SPAGNOLO III LINGUA'),
(311, 'TERMOTECNICA'),
(312, 'ARCHITETTURA E ARREDO-ESERCITAZIONI DI LABO'),
(313, 'ARCHITETTURA E ARREDO-PROGETTAZIONE'),
(314, 'CATALOGAZIONE'),
(315, 'GEOMETRIA DESCRITTIVA E RILIEVO ARCHITETTON'),
(316, 'ARTE'),
(317, 'GEOMETRIA DESCRITTIVA'),
(318, 'FOTOGRAFIA-PROGETTAZIONE'),
(319, 'RILIEVO PLASTICO E PITTORICO'),
(320, 'IMPIANTI TERMOTECNICI E DISEGNO'),
(321, 'DISEGNO GRAFICO'),
(322, 'DISEGNO PROFESSIONALE'),
(323, 'STORIA E TEORIA DELLE COMUNICAZIONI DI MASS'),
(324, 'TECNICA E ORGANIZZAZIONE AZIENDALE'),
(325, 'RILIEVO ARCHITETTONICO'),
(326, 'GEOGRAFIA/STORIA'),
(327, 'SOCIOECONOMIA'),
(328, 'ESPRESSIONI GRAFICHE/VISIVE'),
(329, 'LABORATORIO DI SCRITTURA'),
(330, 'FISICA DELLA COMUNICAZIONE'),
(331, 'COMUNICAZIONE MUSICALI E TECNICA DEL SUONO'),
(332, 'SCIENZA E TECNICA DELLA COMUNICAZIONE'),
(333, 'DISEGNO E PROGETTAZIONE E STORIA DELL''ARTE'),
(334, 'LINGUAGGIO DELLA FOTOGRAFIA'),
(335, 'LINGUAGGIO DEL CINEMA E DELLA TELEVISIONE'),
(336, 'SISTEMI MULTIMEDIALI'),
(337, 'COMPUTER GRAFICA'),
(338, 'FOTOGRAFIA DIGITALE'),
(339, 'VIDEO MULTIMEDIALE'),
(340, 'SCIENZE E TECNOLOGIE ELETTRICHE'),
(341, 'SCIENZE E TECNOLOGIE CHIMICHE'),
(342, 'SCIENZE E TECNOLOGIE INFORMATICHE'),
(343, 'SCIENZE E TECNOLOGIE MECCANICHE'),
(344, 'INFORMATICA E SISTEMI OPERATIVI'),
(345, 'SISTEMI E ORGANIZZATIVI'),
(346, 'AREA OPZIONALE: GESTIONE DI PROGETTI'),
(347, 'STORIA E TECNICHE DELLA COMUNICAZIONE VISIV'),
(348, 'CHIMICA AMBIENTALE'),
(349, 'ECONOMIA DEI TRASPORTI E ORGANIZZAZIONE AZI'),
(350, 'IMPIANTI TECNICI E DISEGNO'),
(351, 'MACCHINE E DISEGNO'),
(352, 'DISEGNO TECNICO'),
(353, 'MACCHINE'),
(354, 'SCIENZE NATURALI E BIOLOGIA MARINA'),
(355, 'MATEMATICA APPLICATA'),
(356, 'TEORIA E STORIA DEL RESTAURO'),
(357, 'ANATOMIA'),
(358, 'ANATOMIA-FISIOLOGIA'),
(359, 'PATOLOGIA'),
(360, 'BIOCHIMICA'),
(361, 'MICROBIOLOGIA'),
(362, 'IGIENE'),
(363, 'IGIENE - SCIENZE DELL''ALIMENTAZIONE'),
(364, 'PEDAGOGIA'),
(365, 'CONTABILITA'' E STATISTICA'),
(366, 'EDUCAZIONE VISIVA'),
(367, 'LINGUAGGI NON VERBALI E MULTIMEDIALI (L.N.V'),
(368, 'LEGISLAZIONE SOCIALE'),
(369, 'LABORATORI TECNICI'),
(370, 'SCIENZE SPERIMENTALI'),
(371, 'TECNOLOGIA'),
(372, 'STORIA, EDUCAZIONE CIVICA'),
(373, 'INGLESE I E II LINGUA'),
(374, 'CHIMICA GENERALE'),
(375, 'BIOLOGIA GENERALE'),
(376, 'BIOCHIMICA E BIOLOGIA MOLECOLARE'),
(377, 'CHIMICA ORGANICA E ANALITICA'),
(378, 'ANALISI CHIMICA, STRUMENTALE E LABORATORIO'),
(379, 'ECONOMIA E ORGANIZZAZIONE AZIENDALE'),
(380, 'CHIMICA TESSILE'),
(381, 'MECCANICA APPLICATA'),
(382, 'MODA, DISEGNO, PROGETTAZIONE E INDUSTRIALIZ'),
(383, 'TECNOLOGIE TESSILI ORGANIZZAZIONE PRODUZION'),
(384, 'AUTOMAZIONE'),
(385, 'GEOGRAFIA, SCIENZE E LABORATORIO'),
(386, 'COSTRUZIONI'),
(387, 'GEOPEDOLOGIA ECONOMIA ESTIMO'),
(388, 'IMPIANTI'),
(389, 'TOPOGRAFIA E FOTOGRAMMETRIA'),
(390, 'GEOLOGIA E TECNICA DEGLI SCAVI'),
(391, 'EDUCAZIONE AL SOCIALE'),
(392, 'EDUCAZIONE AMBIENTALE'),
(393, 'EDUCAZIONE FISICA E SPORTIVA'),
(394, 'SOCIO-PSICO-PEDAGOGIA'),
(395, 'ANALISI CHIMICA'),
(396, 'CHIMICA FISICA'),
(397, 'CHIMICA ORGANICA'),
(398, 'TECNOLOGIE CHIMICHE'),
(399, 'DISCIPLINE TURISTICHE E AZIENDALI'),
(400, 'DISEGNO E STORIA DELL''ARTE'),
(401, 'SCIENZE NATURALI, CHIMICA, GEOGRAFIA'),
(402, 'ELEMENTI DI FISICA'),
(403, 'TUTELA DEL TERRITORIO'),
(404, 'MUSICA'),
(405, 'STORIA DELLA MUSICA'),
(406, 'SPAGNOLO I E II LINGUA'),
(407, 'FRANCESE I E II LINGUA'),
(408, 'SPAGNOLO II E III LINGUA'),
(409, 'FRANCESE II E III LINGUA'),
(410, 'ANTROPOLOGIA CULTURALE'),
(411, 'SCIENZE NATURALI'),
(412, 'GEOGRAFIA TURISTICA'),
(413, 'TECNICA AMMINISTRATIVA'),
(414, 'STORIA DELL''ARTE E DEI BENI CULTURALI'),
(415, 'ECONOMIA E TECNICA DELL''AZIENDA TURISTICA'),
(416, 'APPLICAZIONI GESTIONALI'),
(417, 'PSICOLOGIA GENERALE E APPLICATA'),
(418, 'AREA OPZIONALE'),
(419, 'ELEMENTI DI LETTERATURA E STORIA DELLE ARTI'),
(420, 'RAPPRESENTAZIONII GRAFICHE ED ELEMENTI DI T'),
(421, 'ECONOMIA E LEGISLAZIONE'),
(422, 'ECONOMIA INDUSTRIALE'),
(423, 'SCIENZA E TECNICA DELLE COSTRUZIONI'),
(424, 'IMPIANTI ED APPLICAZIONI IDRAULICHE'),
(425, 'TECNICA AUTOMOBILISTICA'),
(426, 'FIGURA DISEGNATA'),
(427, 'ORNATO DISEGNATO'),
(428, 'FIGURA MODELLATA'),
(429, 'ORNATO MODELLATO'),
(430, 'DISEGNO GEOMETRICO'),
(431, 'PROSPETTIVA'),
(432, 'ELEMENTI DI ARCHITETTURA'),
(433, 'ANATOMIA ARTISTICA'),
(434, 'CONTABILITA'''),
(435, 'DISCIPLINE TECNOLOGICHE'),
(436, 'ITALIANO ED ARTE ESPRESSIVE'),
(437, 'SCIENZE STORICHE FILOSOFICHE SOCIALI'),
(438, 'SCIENZE E BIOLOGIA CON LABORATORIO'),
(439, 'TECNOLOGIE INFORMATICHE APPLICATE/LABORATOR'),
(440, 'PROCESSI TECNOLOGICI  MECCANICI E LABORATOR'),
(441, 'PROCESSI TECNOLOGICI  ELETTRICI E LABORATOR'),
(442, 'PROCESSI TECNOLOGICI  ELETTRONICI E LABORAT'),
(443, 'STRUMENTI INFORMATICI DI GESTIONE DI IMPRES'),
(444, 'DISEGNO DAL VERO'),
(445, 'PLASTICA'),
(446, 'DISCIPLINE GEOMETRICHE'),
(447, 'PROGETTAZIONE'),
(448, 'ELEMENTI DI ECONOMIA E SOCIOLOGIA'),
(449, 'RESTAURO'),
(450, 'TEDESCO I E II LINGUA'),
(451, 'PRODUZIONI VIVAISTICHE E ORTICOLE'),
(452, 'MECCANICA E MACCHINE'),
(453, 'SISTEMI ELETTRICI AUTOMATICI'),
(454, 'SISTEMI ELETTRONICI AUTOMATICI'),
(455, 'MECCANICA APPLICATA E MACCHINE A FLUIDO'),
(456, 'SISTEMI ED AUTOMAZIONE INDUSTRIALE'),
(457, 'TECNOLOGIA MECCANICA ED ESERCITAZIONI'),
(458, 'CALCOLO DELLA PROBABILITA'' STATISTICA, RICE'),
(459, 'ELETTRONICA TELECOMUNICAZIONI'),
(460, 'SISTEMI DI ELABORAZIONE E TRASMISSIONE DELL'),
(461, 'TECNOLOGIE ELETTRONICHE DISEGNO PROGETTAZIO'),
(462, 'TECNOLOGIE ELETTRICHE DISEGNO PROGETTAZIONE'),
(463, 'NEUROPSICHIATRIA'),
(464, 'CONVERSAZIONE INGLESE'),
(465, 'CONVERSAZIONE TEDESCO'),
(466, 'SERVIZI ALLE IMPRESE'),
(467, 'TECNOLOGIA INFORMATICA E TELEMATICA'),
(468, 'TECNICA DELLA COMUNICAZIONE'),
(469, 'MARKETING'),
(470, 'FISICA E CHIMICA'),
(471, 'TECNOLOGIA DELL''INFORMAZIONE E DELLA COMUNI'),
(472, 'TRATTAMENTO TESTI'),
(473, 'LINGUAGGI CINEMATOGRAFICI E TELEVISIVI'),
(474, 'FOTOGRAFIA - ESERCITAZIONI DI LABORATORIO'),
(475, 'PITTURA - PROGETTAZIONE'),
(476, 'PITTURA - ESERCITAZIONI DI LABORATORIO'),
(477, 'SCIENZE DELLA FORMAZIONE'),
(478, 'ECONOMIA AZIENDALE E TECNICHE OPERATIVE'),
(479, 'TECNICA E LEGISLAZIONE TURISTICA'),
(480, 'STORIA, SCIENZE UMANE E SOCIALI'),
(481, 'IGIENE MICROBIOLOGIA ED ELEMENTI DI TECNICH'),
(482, 'ELEMENTI DI FISICA AMBIENTALE'),
(483, 'CHIMICA ORGANICA E LABORATORIO DI CONTROLLO'),
(484, 'CHIMICA DEGLI AGENTI INQUINANTI'),
(485, 'IGIENE A RISCHIO COLLETTIVO'),
(486, 'LEGISLAZIONE SANITARIA E AMBIENTALE'),
(487, 'ELEMENTI DI BIOFISICA'),
(488, 'IGIENE ED EDUCAZIONE SANITARIA'),
(489, 'CHIMICA ORGANICA E BIOCHIMICA'),
(490, 'ANATOMIA, FISIOLOGIA, PATALOGIA'),
(491, 'PSICOLOGIA RELAZIONALE'),
(492, 'SCIENZE DELLA NUTRIZIONE'),
(493, 'ELEMENTI DI FARMACOLOGIA E TOSSICOLOGIA'),
(494, 'PRINCIPI DI CHIMICA E PEDOLOGIA'),
(495, 'ECONOMIA DELL''AZIENDA AGRARIA'),
(496, 'TECNOLOGIE CHIMICO AMBIENTALI'),
(497, 'TECNICHE DELLE PRODUZIONI'),
(498, 'CONTABILITA'' E TECNICA AMMINISTRATIVA'),
(499, 'ECONOMIA AGRARIA'),
(500, 'BIOTECNOLOGIA'),
(501, 'MICROBIOLOGIA SPECIALE'),
(502, 'IMPIANTI DI BIOTECNOLOGIA'),
(503, 'ELETTROTECNICA, ELETTRONICA E APPLICAZIONI'),
(504, 'TECNICA PROFESSIONALE: ELETTROTECNICA E LAB'),
(505, 'TECNICA PROFESSIONALE: CONTROLLI AUTOMATICI'),
(506, 'PRINCIPI DI AGRICOLTURA'),
(507, 'ELEMENTI DI DISEGNO PROFESSIONALE'),
(508, 'ECOLOGIA APPLICATA'),
(509, 'LABORATORIO SERVIZI - CUCINA'),
(510, 'LABORATORIO SERVIZI - SALA BAR'),
(511, 'LABORATORIO SERVIZI - RICEVIMENTO'),
(512, 'ELEMENTI DI GESTIONE AZIENDALE'),
(513, 'SCIENZE DELLA TERRA'),
(514, 'EDITORIA DELLO STAMPATO'),
(515, 'VITICOLTURA DIFESA DELLA VITE, ENOLOGIA'),
(516, 'COSTRUZIONI ENOLOGICHE'),
(517, 'SCIENZE DELL''EDUCAZIONE'),
(518, 'STRUTTURE VIVAISTICHE'),
(519, 'TECNICA DI PRODUZIONE VEGETALE ED ELEMENTI'),
(520, 'LABORATORIO LINGUISTICO'),
(521, 'CONTROLLI ELETTRONICI E SISTEMI PROGRAMMABI'),
(522, 'ELEMENTI DI MECCANICA'),
(523, 'IDRAULICA'),
(524, 'IMPIANTI TERMOTECNICI'),
(525, 'MACCHINE A FLUIDO'),
(526, 'MACCHINE TERMICHE E LABORATORIO'),
(527, 'MECCANICA, MACCHINE E DISEGNO'),
(528, 'SCIENZE DELLA TERRA E BIOLOGIA'),
(529, 'CHIMICA DEI MATERIALI E AMBIENTALE'),
(530, 'GEOGRAFIA (OPZIONALE)'),
(531, 'ECOLOGIA (OPZIONALE)'),
(532, 'ARTE E TERRITORIO'),
(533, 'TEATRO'),
(534, 'TECNICHE GRAFICHE'),
(535, 'CONTROLLI AUTOMATICI'),
(536, 'LAVORI FEMMINILI'),
(537, 'ELETTROTECNICA ED ELETTRONICA'),
(538, 'MECCANICA APPLICATA ALLE MACCHINE'),
(539, 'LINGUAGGI VISIVI'),
(540, 'LINGUAGGI SONORI'),
(541, 'ANALISI CHIMICA E LABORATORIO'),
(542, 'CHIMICA ORGANICA E LABORATORIO'),
(543, 'CHIMICA (CHIMICA ANALITICA E CHIMICA FISICA'),
(544, 'DISEGNO E CARTOGRAFIA'),
(545, 'MODULO AGROAMBIENTALE'),
(546, 'MODULO AGROINDUSTRIALE'),
(547, 'MODULO VIVAISTICO'),
(548, 'TECNICA ORGANIZZATIVA'),
(549, 'ESERCITAZIONI PRATICHE'),
(550, 'TEORIA E LETTURA MUSICALE'),
(551, 'EDUCAZIONE GIURIDICA ECONOMICA'),
(552, 'DIZIONE E TECNICHE DELLA COMUNICAZIONE'),
(553, 'TECNICA AERONAUTICA E LABORATORIO'),
(554, 'TECNOLOGIA MECCANICA E LABORATORIO'),
(555, 'ELETTRONICA, TELECOMUNICAZIONI E APPLICAZIO'),
(556, 'STENOGRAFIA E DATTILOGRAFIA'),
(557, 'ORGANIZZAZIONE E GESTIONE DEI SERVIZI COLLE'),
(558, 'COMUNICAZIONE'),
(559, 'MARKETING DELLA MODA'),
(560, 'ELEMENTI DI SCIENZA DEGLI ALIMENTI'),
(561, 'TECNICA VIVAISTICA'),
(562, 'ANALISI CHIMICA, ELABORAZIONE DATI E LABORA'),
(563, 'CHIMICA ORGANICA, BI-ORGANICA DELLE FERMENT'),
(564, 'TECNOLOGIE CHIMICHE INDUSTRIALI, AUTOMAZ. O'),
(565, 'STORIA DELL''ARTE E DELLA STAMPA'),
(566, 'EDUCAZIONE MOTORIA'),
(567, 'STORIA DEL TERRITORIO'),
(568, 'LINGUAGGI NON VERBALI MUSICA'),
(569, 'LABORATORIO DI MICROBIOLOGIA SPECIALE'),
(570, 'IGIENE E LEGISLAZIONE SANITARIA'),
(571, 'IMPIANTI CHIMICI'),
(572, 'MICROBIOLOGIA E LABORATORIO'),
(573, 'DISEGNO PROGETTAZIONE E ORGANIZZAZIONE INDU'),
(574, 'CHIMICA FISICA E LABORATORIO'),
(575, 'MATEMATICA E LABORATORIO'),
(576, 'BIOLOGIA GENERALE E LABORATORIO'),
(577, 'ANALISI CHIMICA GENERALE E LABORATORIO'),
(578, 'ITALIANO E STORIA'),
(579, 'DIRITTO MARITTIMO'),
(580, 'MATEMATICA (SOLO GRUPPO P.N.I.)'),
(581, 'INFORMATICA ECDL (OPZIONALE)'),
(582, 'LABORATORIO DI SCIENZE INTEGRATE (OPZIONALE'),
(583, 'LABORATORIO DI SCRITTURA (OPZIONALE)'),
(584, 'LABORATORIO LINGUISTICO - INGLESE (OPZIONAL'),
(585, 'SECONDA LINGUA STRANIERA - TEDESCO (OPZIONA'),
(586, 'STORIA DELL''ARTE E DISEGNO DAL VERO (OPZION'),
(587, 'ATTIVITA'' DI SOSTEGNO ALLE DIFFICOLTA'' (OPZ'),
(588, 'ATTIVITA'' DI VALORIZZAZIONE DEI CAMPI DI EC'),
(589, 'GEOGRAFIA FISICA ED ECONOMICA (OPZIONALE)'),
(590, 'MISURE: STRUMENTI ED ELABORAZIONI DATI (OPZ'),
(591, 'CONVERSAZIONE IN PRIMA LINGUA STRANIERA - I'),
(592, 'STORIA E CONOSCENZA DELLE ISTITUZIONI (OPZI'),
(593, 'PROCESSI CERAMICI, DISEGNO E LABORATORIO'),
(594, 'PROGETTAZIONE TECNICA, MATERIALI CERAMICI E'),
(595, 'CHIMICA DEI MATERIALI CERAMICI'),
(596, 'GEOGRAFIA GENERALE E ANTROPICA'),
(597, 'ELEMENTI DI LEGISLAZIONE ED ECONOMIA AZIEND'),
(598, 'TECNOLOGIA DELLE ARTI APPLICATE'),
(599, 'ELETTRONICA E COMUNICAZIONI ELETTRICHE'),
(600, 'DISCIPLINE NAUTICHE'),
(601, 'MACCHINE MARINE'),
(602, 'COSTRUZIONI RURALI'),
(603, 'MODULO ZOOTECNICO'),
(604, 'MODULO AGROTERRITORIALE'),
(605, 'ECONOMIA AGROALIMENTARE ED ELEMENTI DI DIRI'),
(606, 'LABORATORIO DI TECNOLOGIE AGROALIMENTARI'),
(607, 'ELEMENTI DI BIOTECNOLOGIE GENERALI ED AGRAR'),
(608, 'PROBABILITA'' - STATISTICA E RICERCA OPERATI'),
(609, 'AREA OPZIONALE: GESTIONE IMMAGINE'),
(610, 'AREA OPZIONALE: GESTIONE RETI'),
(611, 'AREA OPZIONALE: GESTIONE SUONO'),
(612, 'AREA OPZIONALE: GESTIONE FILMATI'),
(613, 'ELETTRORADIORADARTECNICA'),
(614, 'LABORATORIO DI RICERCA SOCIALE'),
(615, 'SCIENZE BIOLOGICHE E DELLA MATERIA'),
(616, 'RUSSO III LINGUA'),
(617, 'LABORATORIO ARTE MURARIA'),
(618, 'LABORATORIO FORMATURA E FOGGIATURA'),
(619, 'LABORATORIO DECORAZIONE'),
(620, 'LABORATORIO MACCHINE E FORNI'),
(621, 'LABORATORIO RIPRESA FOTOGRAFICA'),
(622, 'LABORATORIO SVILUPPO E STAMPA'),
(623, 'LABORATORIO TECNICHE GRAFICHE'),
(624, 'LABORATORIO FOTOINCISIONE'),
(625, 'LINGUA E LETTERATURA SLOVENA'),
(626, 'ARTI VISIVE E PROGETTAZIONE'),
(627, 'SERBO-CROATO'),
(628, 'SCIENZA DELLA MATERIA E LABORATORIO'),
(629, 'ESERCITAZIONI DI AZIENDA AGRARIA'),
(630, 'ORGANIZZAZIONE AZIENDALE'),
(631, 'LINGUAGGI MULTIMEDIALI'),
(632, 'LINGUAGGI CINEMATOGRAFICI'),
(633, 'BENI CULTURALI'),
(634, 'TECNICHE DI RAPPRESENTAZIONE GRAFICA E COMU'),
(635, 'DISEGNO E CAD'),
(636, 'CANTIERI'),
(637, 'TECNICA DELLE COSTRUZIONI'),
(638, 'GEOPEDOLOGIA-EC.TERRITORIALE-ESTIMO'),
(639, 'PIANIFICAZIONE AMBIENTI'),
(640, 'GEOLOGIA E TERRITORIO'),
(641, 'NORMATIVA E SICUREZZA'),
(642, 'LINGUA ST. APPLICATA - INGLESE (OPZIONALE)'),
(643, 'TECN. COSTRUZIONI E DEMOLIZIONI'),
(644, 'DISEGNO E PROGETTAZIONE CAD'),
(645, 'RILIEVO E RAPPRESENTAZIONE'),
(646, 'COSTRUZIONI ED ARCHITETTURA'),
(647, 'MATERIALI DI ARREDO E DESIGN'),
(648, 'ELEMENTI DI SC.DELLA COMUNICAZIONE E PSICOL'),
(649, 'MUSICA,TEATRO,ARTE E DANZA'),
(650, 'EDUCAZIONE FISICA TEORICA'),
(651, 'FRANCESE (SOLO GRUPPO BILINGUISMO)'),
(652, 'STRUTTURE ZOOTECNICHE'),
(653, 'STORIA DELL''ARTE - DISEGNO DAL VERO (OPZION'),
(654, 'TEDESCO II E III LINGUA'),
(655, 'SCIENZE NATURALI E GEOGRAFIA GENERALE'),
(656, 'FISICA E INFORMATICA'),
(657, 'CHIMICA E LABORATORIO TECNOLOGICO'),
(658, 'ELEMENTI DI DIRITTO'),
(659, 'FISIOLOGIA'),
(660, 'RILIEVO ARCHITETTONICO E AMBIENTALE'),
(661, 'PSICOLOGIA E SOCIOLOGIA'),
(662, 'TEORIA DELLA FORMA E DEL COLORE'),
(663, 'PROGETTAZIONE GRAFICO/VISIVA'),
(664, 'TEORIA DELLA FORMA'),
(665, 'PROGETTAZIONE ARCHITETTONICA E AMBIENTALE'),
(666, 'DISCIPLINE GRAFICO/GEOMETRICHE'),
(667, 'TEORIA E APPLICAZIONI DI GEOMETRIA DESCRITT'),
(668, 'ITALIANO E LAB.DI SCRITTURA'),
(669, 'STORIA E LAB.DI GEOSTORIA'),
(670, 'TECNICHE DEI LINGUAGGI AUDIOVISIVI'),
(671, 'DISEGNO PROGETTUALE'),
(672, 'SCIENZA E TECNOLOGIE DELLA COMUNICAZIONE'),
(673, 'PROGETTAZIONE ED ELABORAZIONE DELLE INFORMA'),
(674, 'DIGITALI'),
(675, 'PROGETTAZIONE GRAFICA DIGITALE'),
(676, 'GRAFICA E ANIMAZIONE'),
(677, 'PROGETTAZIONE PITTURA'),
(678, 'PROGETTAZIONE SCULTURA'),
(679, 'PROGETTAZIONE DIS. INDUSTRIALE CERAMICA'),
(680, 'PROGETTAZIONE ARCHITETTURA'),
(681, 'LABORATORIO PITTURA'),
(682, 'ECOLOGIA E TERRITORIO'),
(683, 'ECONOMIA'),
(684, 'ECONOMIA ED ESTIMO'),
(685, 'LABORATORIO DI SCRITTURA/DRAMMATURGIA'),
(686, 'FOTOGRAFIA E LINGUAGGIO DELLE IMMAGINI'),
(687, 'ECONOMIA E DIRITTO'),
(688, 'FILOSOFIA DELLA COMUNICAZIONE'),
(689, 'PROGETTAZIONE CERAMICA'),
(690, 'TECNOLOGIA ORAFA'),
(691, 'GESTIONE PROGETTI'),
(692, 'TECNICA ORGANIZZATIVA-ESERCITAZIONI'),
(693, 'LINGUA CINESE'),
(694, 'COMMITTENZA LOCALE'),
(695, 'URBANISTICA'),
(696, 'LABORATORIO'),
(697, 'ESERCITAZIONI DI LABORATORIO'),
(698, 'RELIGIONE CATTOLICA'),
(699, 'LINGUA INGLESE'),
(700, 'LINGUA FRANCESE'),
(701, 'SUSSIDIARIO DELLE DISCIPLINE (AMBITO ANTROP'),
(702, 'SUSSIDARIO DELLE DISCIPLINE (AMBITO SCIENTI'),
(703, 'LINGUA INGLESE SUSSIDI'),
(704, 'SUSSIDIARIO (1° BIENNIO)'),
(705, 'PARASCOLASTICA (AMBITO SCIENTIFICO)'),
(706, 'PARASCOLASTICA (AMBITO UMANISTICO)'),
(707, 'ADOZIONE ALTERNATIVA ART. 156 D.L. 297/94'),
(708, 'EDUCAZIONE ALLA CONVIVENZA CIVILE'),
(709, 'MUSICA'),
(710, 'ARTE E IMMAGINE'),
(711, 'ITALIANO DIZIONARI'),
(712, 'LATINO DIZIONARI'),
(713, 'INGLESE I LINGUA'),
(714, 'FRANCESE I LINGUA'),
(715, 'SPAGNOLO I LINGUA'),
(716, 'TEDESCO I LINGUA'),
(717, 'GEOGRAFIA ECONOMICA E TURISTICA MONOENNIO'),
(718, 'SCIENZE DELLA NATURA'),
(719, 'COMUNICAZIONE MUSICALE E TECNICA DEL SUONO'),
(720, 'IGIENE MICROBIOLOGIA ED ELEMENTI DI TECNOLO'),
(721, 'ANATOMIA, FISIOLOGIA, PATOLOGIA'),
(722, 'PROBABILITA'' - STATISTICA - RICERCA OPERATI'),
(723, 'TECNICA DEI SERVIZI E PRATICA OPERATIVA'),
(724, 'ARTI SONORE'),
(725, 'SCIENZE DELLA TERRA-SCIENZE SPERIM. E LAB.'),
(726, 'BIOLOGIA E CHIMICA'),
(727, 'COMUNICAZIONE E TECNICHE INFORMATICHE'),
(728, 'TEATRO-CINEMA'),
(729, 'LINGUAGGI NON VERB.MULTIMEDIALI - ARTI VISI'),
(730, 'MATERIALI D''ARREDO E DESIGN (OPZIONALE)'),
(731, 'BIOLOGIA E MICROBIOLOGIA'),
(732, 'LEGISLAZIONE'),
(733, 'RICERCA OPERATIVA E GESTIONE AZIENDALE (MAT'),
(734, 'PIANIFICAZIONE AMBIENTALE(OPZIONALE)'),
(735, 'MUSICA,TEATRO,ARTE E DANZA (OPZIONALE)'),
(736, 'PROGETTAZIONE TESSUTO E MODA'),
(737, 'PROGETTAZIONE ARTE DEL TESSUTO'),
(738, 'MUSICA,TEATRO, ARTE E DANZA (OPZIONALE)'),
(739, 'SCIENZE'),
(740, 'LABORATORIO PLASTICO/VISIVO/PITTORICO'),
(741, 'ELEMENTI DI FISICA E CHIMICA'),
(742, 'ITALIANO PER STRANIERI'),
(743, 'CANTIERI (OPZIONALE)'),
(744, 'EDUCAZIONE ALLE NUOVE MANIERE'),
(745, 'CORSO DI INDIRIZZO'),
(746, 'EDUCAZIONE AL CONSUMATORE'),
(747, 'ESERCITAZIONI DI EDUCAZIONE AL CONSUMATORE'),
(748, 'ECONOMIA DELLE COMUNITÀ'),
(749, 'STORIA E FILOSOFIA DELLA COMUNICAZIONE'),
(750, 'PSICOLOGIA E STORIA DELLA COMUNICAZIONE'),
(751, 'LABORATORIO DI PROGETTAZIONE VISIVA (FOTOGR'),
(752, 'LABORATORIO DI PROGETTAZIONE VISIVA (GRAFIC'),
(753, 'LINGUAGGIO E TECNICA DELLA GRAFICA'),
(754, 'LINGUAGGIO E TECNICA DELLA FOTOGRAFIA'),
(755, 'LINGUAGGIO,TECNICA E STORIA DEL CINEMA E TE'),
(756, 'SEMIOTICA DELLA COMUNICAZIONE VISIVA'),
(757, 'DISEGNO PROGETTUALE E STORIA DELLE ARTI VIS'),
(758, 'SUSSIDIARIO DELLE DISCIPLINE (AMBITO SCIENT'),
(759, 'MUSICA'),
(760, 'LADINO'),
(761, 'ITALIANO PER STRANIERI'),
(762, 'SCIENZA DELL''EDUCAZIONE'),
(763, 'DIRITTO ED ECONOMIA PER L''AZIENDA'),
(764, 'STORIA DELL''ARTE E DEL TERRITORIO'),
(765, 'DIRITTO E LEGISLAZIONE TURISTICA'),
(766, 'SCIENZA DELLA NATURA E DEL TERRITORIO'),
(767, 'GEOGRAFIA DEL TURISMO'),
(768, 'INGLESE TRADIZIONALE'),
(769, 'INGLESE BILINGUISMO'),
(770, 'CHIMICA DEGLI ALIMENTI'),
(771, 'TRASFORMAZIONE E CONSERVAZIONE DEGLI ALIMEN'),
(772, 'SCIENZE DEGLI ALIMENTI'),
(773, 'DISEGNO E FORME NELLO SPAZIO'),
(774, 'DISEGNO SCIENZE DELLO SPAZIO E DELLA RAPPRE'),
(775, 'MATERIA DI INDIRIZZO: COMPOSIZIONE E DESIGN'),
(776, 'CODOCENZA DIRITTO/STORIA'),
(777, 'FILOSOFIA CON ELEM. DI ESTETICA'),
(778, 'SCIENZE AMBIENTALI'),
(779, 'TEATRO - CINEMA - TV'),
(780, 'LABORATORIO PITTURA E DECORAZIONI PITTORICH'),
(781, 'LABORATORIO DEL SUONO'),
(782, 'TECNICA DEL SUONO'),
(783, 'TECNOLOGIE DI TRASFORMAZIONE DELLE MATERIE'),
(784, 'LABORATORIO DI MONTAGGIO'),
(785, 'LABORATORIO DI RIPRESA CINEMATOGRAFICA E TE'),
(786, 'ELETTRONICA E TECNOLOGIE MULTIMEDIALI'),
(787, 'LINGUAGGIO AUDIOVISIVO'),
(788, 'TECNICA DI RIPRESA CINE-TV'),
(789, 'RECITAZIONE'),
(790, 'LINGUA CINESE'),
(791, 'EDUC.TEAT./CINEM.'),
(792, 'SCIENZE NAT.,CHIMICA,GEOGRAFIA'),
(793, 'STORIA DELLA SCIENZA E DELLA TECNICA (OPZIO'),
(794, 'STORIA ED ESTETICA MUSICALE'),
(795, 'TEORIA ED ANALISI E MUSICA CORALE'),
(796, 'GRAFICA PROGETTUALE E STORIA DELLE ARTI VIS'),
(797, 'GRAFICA PROGETTUALE'),
(798, 'GEOGRAFIA VEICOLATA IN SPAGNOLO'),
(799, 'GEOGRAFIA VEICOLATA IN FRANCESE'),
(800, 'CITTADINANZA E COSTITUZIONE'),
(801, 'TECNOLOGIE E TECNICHE DI RAPPRESENT.GRAFICA'),
(802, 'SCIENZA DEGLI ALIMENTI'),
(803, 'RELIGIONE CATTOLICA'),
(804, 'SCIENZE INTEGRATE (CHIMICA)'),
(805, 'TECNICHE PROFESSIONALI DEI SERVIZI COMMERCI'),
(806, 'TECNOLOGIE INFORMATICHE'),
(807, 'SCIENZE MOTORIE E SPORTIVE'),
(808, 'SCIENZE INTEGRATE (FISICA)'),
(809, 'SCIENZE INTEGRATE (RIORDINO) SCIENZA DELLA'),
(810, 'SCIENZE UMANE E SOCIALI'),
(811, 'STORIA E GEOGRAFIA'),
(812, 'ELEMENTI DI STORIA DELL''ARTE ED ESPRESSIONI'),
(813, 'INFORMATICA E LABORATORIO'),
(814, 'DIRITTO ED ECONOMIA POLITICA'),
(815, 'LABORATORIO DI ESPRES. MUSICALE E GRAFICA'),
(816, 'LABORATORIO DI SERVIZI DI ACCOGLIENZA TURIS'),
(817, 'LABORATORIO DI SERVIZI ENOGASTRONOMICI SETT'),
(818, 'LINGUA E LETTERATURA ITALIANA'),
(819, 'LINGUA LATINA'),
(820, 'LINGUA E CULTURA STRANIERA: INGLESE'),
(821, 'LINGUA E CULTURA STRANIERA: FRANCESE'),
(822, 'LINGUA E CULTURA STRANIERA: TEDESCA'),
(823, 'LINGUA E CULTURA STRANIERA: SPAGNOLA'),
(824, 'LINGUA TEDESCA'),
(825, 'LINGUA INGLESE'),
(826, 'MATEMATICA E COMPLEMENTI DI MATEMATICA'),
(827, 'SCIENZE E TECNOLOGIE APPLICATE'),
(828, 'DISCIPLINE GRAFICHE E PITTORICHE'),
(829, 'EDUCAZIONE TEATRALE/CINEMATOGRAFICA'),
(830, 'ANATOMIA, FISIOPATOLOGIA OCULARE E IGIENE'),
(831, 'RAPPRESENTAZIONE E MODELLAZIONE ODONTOTECNI'),
(832, 'STORIA, CITTADINANZA E COSTITUZIONE'),
(833, 'LINGUA E CULTURA LATINA'),
(834, 'LABORATORI TECNOLOGICI ED ESERCITAZIONI'),
(835, 'INFORMATICA E SISTEMI AUTOMATICI'),
(836, 'SCIENZE INTEGRATE (BIOLOGIA)'),
(837, 'MULTIDISCIPLINA'),
(838, 'TEORIA DELLA MUSICA'),
(839, 'TEORIA, ANALISI E COMPOSIZIONE'),
(840, 'ESECUZIONE E INTERPRETAZIONE'),
(841, 'LABORATORIO DI MUSICA D''INSIEME'),
(842, 'TECNOLOGIE MUSICALI'),
(843, 'CITTADINANZA E COSTITUZIONE'),
(844, 'TECNICHE DELLA DANZA'),
(845, 'SCIENZE E TECNOLOGIE APPLICATE (RIORDINO)'),
(846, 'DISCIPLINE PLASTICHE-PITTORICHE'),
(847, 'IMPIANTI TECNICI DI BORDO'),
(848, 'MECCANICA APPLICATA E MACCHINE'),
(849, 'INGLESE TECNICO'),
(850, 'CULTURA CLASSICA'),
(851, 'GEOSTORIA'),
(852, 'EBRAICO'),
(853, 'BIOLOGIA APPLICATA'),
(854, 'TECNOLOGIE CHIMICHE INDUSTRIALI'),
(855, 'LABORATORIO DI ARCHITETTURA'),
(856, 'DISCIPLINE PROGETTUALI ARCHITETTURA E AMBIE'),
(857, 'LABORATORIO DI SCENOGRAFIA'),
(858, 'DISCIPLINE GEOMETRICHE E SCENOTECNICHE'),
(859, 'DISCIPLINE PROGETTUALI SCENOGRAFICHE'),
(860, 'TECNOLOGIE DELLA COMUNICAZIONE'),
(861, 'RELAZIONI INTERNAZIONALI'),
(862, 'ECONOMIA AZIENDALE E GEOPOLITICA'),
(863, 'LOGISTICA'),
(864, 'ANTROPOLOGIA SCIENZE UMANE'),
(865, 'SCIENZE DELLA NAVIGAZIONE'),
(866, 'STRUTTURA E COSTRUZIONE DEL MEZZO'),
(867, 'PRODUZIONI ANIMALI'),
(868, 'PRODUZIONI VEGETALI'),
(869, 'TRAFORMAZIONE DEI PRODOTTI'),
(870, 'GENIO RURALE'),
(871, 'ECONOMIA, ESTIMO, MARKETING E LEGISLAZIONE'),
(872, 'BIOTECNOLOGIE'),
(873, 'IGIENE E CULTURA MEDICO-SANITARIA'),
(874, 'DIRITTO E LEGISLAZIONE SOCIO-SANITARIA'),
(875, 'PROGETTAZIONE MULTIMEDIALE'),
(876, 'TECNOLOGIE DEI PROCESSI DI PRODUZIONE'),
(877, 'TECNOLOGIE E PROGETTAZIONE DI SISTEMI ELETT'),
(878, 'SISTEMI AUTOMATICI'),
(879, 'MECCANICA, MACCHINE ED ENERGIA'),
(880, 'TECNOLOGIE MECCANICHE DI PROCESSO E PRODOTT'),
(881, 'GESTIONE DEL CANTIERE E SICUREZZA DELL''AMBI'),
(882, 'PROGETTAZIONE, COSTRUZIONI E IMPIANTI'),
(883, 'SISTEMI E RETI'),
(884, 'GESTIONE PROGETTO, ORGANIZZAZIONE D''IMPRESA'),
(885, 'CONVERSAZIONE FRANCESE'),
(886, 'CONVERSAZIONE SPAGNOLO'),
(887, 'CHIMICA ANALITICA E STRUMENTALE'),
(888, 'TECNOLOGIE E PROGETTAZIONE DI SISTEMI INFOR'),
(889, 'COMPLEMENTI DI MATEMATICA'),
(890, 'BIOTECNOLOGIE AGRARIE'),
(891, 'GESTIONE DELL''AMBIENTE E DEL TERRITORIO'),
(892, 'CHIMICA APPLICATA A PROCESSI DI TRASFORMAZI'),
(893, 'TECNICHE DI ALLEVAMENTO VEGETALE E ANIMALE'),
(894, 'AGRONOMIA TERRITORIALE ED ECOSISTEMI FOREST'),
(895, 'ECONOMIA AGRARIA E DELLO SVILUPPO RURALE'),
(896, 'VALORIZZAZIONE DELLE ATTIVITA'' PRODUTTIVE E'),
(897, 'SOCIOLOGIA RURALE E STORIA DELL''AGRICOLTURA'),
(898, 'STRUTTURA, COSTRUZIONE, SISTEMI E IMPIANTI'),
(899, 'TECNOLOGIE ELETTRICO-ELETTRONICHE E APPLICA'),
(900, 'SCIENZA E CULTURA DELL''ALIMENTAZIONE'),
(901, 'DIRITTO E TECNICHE AMMINISTRATIVE DELLA STR'),
(902, 'AGRONOMIA DEL TERRITORIO MONTANO E SISTEMAZ'),
(903, 'ECONOMIA AGRARIA E LEGISLAZIONE DI SETTORE'),
(904, 'SILVICOLTURA E UTILIZZAZIONI FORESTALI'),
(905, 'ECONOMIA AGRARIA E DELLO SVILUPPO TERRITORI'),
(906, 'VALORIZZAZIONE DELLE ATTIVITA’ PRODUTTIVE E'),
(907, 'ECONOMIA E MARKETING DELLE AZIENDE DELLA MO'),
(908, 'TECNOLOGIE E TECNICHE DI INSTALLAZIONE E DI'),
(909, 'CERAMICA APPLICATA PROCESSI LABORATORIO'),
(910, 'GEOLOGIA E GEOLOGIA APPLICATA'),
(911, 'TOPOGRAFIA E COSTRUZIONI'),
(912, 'TECNOLOGIE PER LA GESTIONE DEL TERRITORIO E'),
(913, 'TECNOLOGIE MECCANICHE  E APPLICAZIONI'),
(914, 'DIRITTO E TECNICA AMMINISTRATIVA DELL''IMPRE'),
(915, 'PROGETTAZIONE ABBIGLIAMENTO MODA E COSTUME'),
(916, 'TECNOLOGIE ELETTRICHE E APPLICAZIONI'),
(917, 'TECNOLOGIE E TECNICHE DI DIAGNOSTICA E MANU'),
(918, 'TECNOLOGIE MECCANICHE E APPLICAZIONI'),
(919, 'TECNOLOGIE ELETTRICHE ELETTRONICHE DELL''AUT'),
(920, 'LABORATORIO ARTISTICO'),
(921, 'DISCIPLINE PLASTICHE E SCULTORE'),
(922, 'TEORIA DELLA COMUNICAZIONE'),
(923, 'ORGANIZZAZIONE E GESTIONE DEI PROCESSI PROD'),
(924, 'CHIMICA APPLICATA E NOBILITAZIONE DEI MATER'),
(925, 'TECNOLOGIE DEI MATERIALI E DEI PROCESSI PRO'),
(926, 'IDEAZIONE, PROGETTAZIONE E INDUSTRIALIZZAZI'),
(927, 'LABORATORI TECNOLOGICI ED ESERCITAZIONI TES'),
(928, 'TECNOLOGIE APPLICATE AI MATERIALI E AI PROC'),
(929, 'PROGETTAZIONE TESSILE-ABBIGLIAMENTO, MODA E'),
(930, 'LABORATORIO AUDIOVISIVO E MULTIMEDIALE'),
(931, 'DISCIPLINE AUDIOVISIVE E MULTIMEDIALE'),
(932, 'TECNOLOGIA E MARKETING DELLE AZIENDE DELLA'),
(933, 'PROGETTAZIONE E REALIZZAZIONE DEL PRODOTTO'),
(934, 'TECNICHE DI GESTIONE-CONDUZIONE DI MACCHINE'),
(935, 'DISEGNO PROFESSIONALE E VISUALIZZAZIONE DIG'),
(936, 'STORIA E STILI D''ARREDAMENTO'),
(937, 'TECNICHE DI PRODUZIONE E DI ORGANIZZAZIONE'),
(938, 'CERAMICA INDUSTRIALE E LABORATORIO'),
(939, 'IMPIANTI ENERGETICI, DISEGNO E PROGETTAZION'),
(940, 'ESECUZIONE ED INTERPRETAZIONE: CLARINETTO'),
(941, 'IGIENE E PATOLOGIA'),
(942, 'ANATOMIA E FISIOLOGIA'),
(943, 'BIOLOGIA MICROBIOLOGIA E TECNOLOGIE DI CONT'),
(944, 'IGIENE, ANATOMIA, FISIOLOGIA, PATOLOGIA'),
(945, 'DIRITTO E LEGISLAZIONE SOCIOSANITARIA PER P'),
(946, 'LABORATORIO GRAFICO PER LICEI ARTISTICI E T'),
(947, 'LABORATORIO TECNICO MULTIMEDIALE'),
(948, 'PROGETTAZIONE MULTIMEDIALE PER TECNICI INDI'),
(949, 'TECNICHE DI COMUNICAZIONE INDIRIZZO SERVIZI'),
(950, 'TEORIA DELLA COMUNICAZIONE INDIRIZZO GRAFIC'),
(951, 'TECNICA AMMINISTRATIVA ED ECONOMIA SOCIALE'),
(952, 'LINGUA EBRAICA'),
(953, 'STRUMENTO MUSICALE');

/*!40101 SET CHARACTER_SET_CLIENT=@OLD_CHARACTER_SET_CLIENT */;
/*!40101 SET CHARACTER_SET_RESULTS=@OLD_CHARACTER_SET_RESULTS */;
/*!40101 SET COLLATION_CONNECTION=@OLD_COLLATION_CONNECTION */;
SET FOREIGN_KEY_CHECKS=1;